gameday,season,team,elo
2016-09-08,2016,DEN,1630.2310640865746
2016-09-08,2016,CAR,1632.3214501754276
2016-09-11,2016,LV,1450.7173634626959
2016-09-11,2016,LAC,1433.6922045385818
2016-09-11,2016,TB,1407.9349345947876
2016-09-11,2016,MIN,1563.3333698755225
2016-09-11,2016,MIA,1433.8679010776202
2016-09-11,2016,GB,1574.7866152072518
2016-09-11,2016,DET,1500.7242294331304
2016-09-11,2016,CLE,1390.7520513923512
2016-09-11,2016,CIN,1573.2944659609293
2016-09-11,2016,CHI,1439.18550647534
2016-09-11,2016,BUF,1516.386205620419
2016-09-11,2016,NYG,1462.9213138598495
2016-09-11,2016,NE,1599.527252496209
2016-09-11,2016,IND,1477.8647079620616
2016-09-11,2016,BAL,1469.9742506941582
2016-09-11,2016,HOU,1501.1174746979227
2016-09-11,2016,NYJ,1519.067455655156
2016-09-11,2016,PHI,1484.1726336474705
2016-09-11,2016,JAX,1383.80944542682
2016-09-11,2016,SEA,1626.2843707207714
2016-09-11,2016,TEN,1344.2200806685269
2016-09-11,2016,ARI,1606.2326286782204
2016-09-11,2016,DAL,1441.392188577087
2016-09-11,2016,NO,1458.5847744467633
2016-09-11,2016,KC,1611.0621224335287
2016-09-11,2016,ATL,1481.134126331983
2016-09-12,2016,LA,1475.8863610267106
2016-09-12,2016,PIT,1585.2930222792927
2016-09-12,2016,SF,1431.1728556086318
2016-09-12,2016,WAS,1493.0555728882048
2016-09-15,2016,BUF,1497.030018459827
2016-09-15,2016,NYJ,1512.2794150405364
2016-09-18,2016,CLE,1373.4680339226309
2016-09-18,2016,PIT,1612.1373287670283
2016-09-18,2016,WAS,1466.2112664004692
2016-09-18,2016,ATL,1451.7474641591186
2016-09-18,2016,BAL,1489.3304378547502
2016-09-18,2016,CIN,1580.082506575549
2016-09-18,2016,DAL,1433.8427963376716
2016-09-18,2016,GB,1584.0086528493523
2016-09-18,2016,IND,1460.4082829514884
2016-09-18,2016,JAX,1374.5874077847195
2016-09-18,2016,KC,1618.6383980738815
2016-09-18,2016,DET,1518.1806544437036
2016-09-18,2016,CAR,1626.4236736039973
2016-09-18,2016,LV,1458.9633030088698
2016-09-18,2016,ARI,1593.2069459620664
2016-09-18,2016,NE,1612.552935212363
2016-09-18,2016,HOU,1516.3312801043335
2016-09-18,2016,LAC,1426.115928898229
2016-09-18,2016,DEN,1636.128840658005
2016-09-18,2016,MIN,1574.9511793273473
2016-09-18,2016,MIA,1429.89892903324
2016-09-18,2016,NO,1450.3388349005893
2016-09-18,2016,SEA,1630.2533427651517
2016-09-18,2016,SF,1464.477548482828
2016-09-18,2016,TB,1437.321596767652
2016-09-18,2016,TEN,1332.602271216702
2016-09-18,2016,NYG,1470.4707060992648
2016-09-18,2016,LA,1442.5816681525143
2016-09-19,2016,CHI,1423.9717010689292
2016-09-19,2016,PHI,1501.4566511171909
2016-09-22,2016,HOU,1540.9577285882308
2016-09-22,2016,NE,1620.4401878753688
2016-09-25,2016,BUF,1475.420346198366
2016-09-25,2016,SEA,1601.5447524708661
2016-09-25,2016,IND,1449.7786005213245
2016-09-25,2016,PHI,1526.4995951590759
2016-09-25,2016,TEN,1344.9051779592198
2016-09-25,2016,KC,1594.0119495899842
2016-09-25,2016,CAR,1639.0012599768495
2016-09-25,2016,TB,1422.0763263109127
2016-09-25,2016,GB,1571.9072793071734
2016-09-25,2016,CIN,1563.6820781337053
2016-09-25,2016,MIA,1422.0116763702342
2016-09-25,2016,DAL,1454.3440333802948
2016-09-25,2016,NYG,1481.3136595052777
2016-09-25,2016,JAX,1352.3800825503301
2016-09-25,2016,BAL,1503.359394411666
2016-09-25,2016,CHI,1398.9287570270442
2016-09-25,2016,CLE,1359.439077365715
2016-09-25,2016,DEN,1646.7585230881689
2016-09-25,2016,DET,1505.8777477011859
2016-09-25,2016,WAS,1445.710029357846
2016-09-25,2016,SF,1451.8999621099758
2016-09-25,2016,LAC,1448.3232541326183
2016-09-25,2016,PIT,1628.5377572088719
2016-09-25,2016,LV,1434.271995751396
2016-09-25,2016,NYJ,1533.8890873019975
2016-09-25,2016,ARI,1608.4522164188056
2016-09-25,2016,MIN,1587.0525528695262
2016-09-25,2016,LA,1471.2902584468
2016-09-26,2016,ATL,1476.4387714165923
2016-09-26,2016,NO,1439.4958814945765
2016-09-29,2016,MIA,1434.8343272462491
2016-09-29,2016,CIN,1540.9753790347165
2016-10-02,2016,LV,1452.263889963586
2016-10-02,2016,WAS,1459.8263224931775
2016-10-02,2016,SF,1438.5553520126944
2016-10-02,2016,TB,1404.2311817622297
2016-10-02,2016,CHI,1380.5431942977707
2016-10-02,2016,JAX,1344.907872046442
2016-10-02,2016,PIT,1587.525666970086
2016-10-02,2016,TEN,1326.9132837470297
2016-10-02,2016,SEA,1614.8893625681476
2016-10-02,2016,NO,1412.1281646960142
2016-10-02,2016,LA,1489.135402995483
2016-10-02,2016,KC,1614.5905583360309
2016-10-02,2016,IND,1463.2935782485065
2016-10-02,2016,DET,1492.373161416705
2016-10-02,2016,DEN,1669.4652221871577
2016-10-02,2016,DAL,1472.7295961095683
2016-10-02,2016,CLE,1346.6164264897002
2016-10-02,2016,CAR,1604.6075132389867
2016-10-02,2016,BUF,1511.181802172059
2016-10-02,2016,ARI,1572.6907604451126
2016-10-02,2016,LAC,1434.8082764054363
2016-10-02,2016,BAL,1510.8316049155542
2016-10-02,2016,NYJ,1513.3104785559508
2016-10-02,2016,HOU,1520.5256298223737
2016-10-02,2016,ATL,1503.8064882151546
2016-10-02,2016,NE,1640.8722866412259
2016-10-03,2016,NYG,1467.1973663699462
2016-10-03,2016,MIN,1621.446299607389
2016-10-06,2016,SF,1416.797147862947
2016-10-06,2016,ARI,1549.3840620880387
2016-10-09,2016,LV,1461.714980542403
2016-10-09,2016,LA,1512.4421013525568
2016-10-09,2016,BAL,1501.3805143367372
2016-10-09,2016,MIA,1419.719916921035
2016-10-09,2016,IND,1446.1102364593837
2016-10-09,2016,DEN,1681.80209136388
2016-10-09,2016,LAC,1426.2095925240462
2016-10-09,2016,WAS,1472.945967989931
2016-10-09,2016,PHI,1567.5116853978618
2016-10-09,2016,NYJ,1493.4832149317792
2016-10-09,2016,NYG,1455.397362442092
2016-10-09,2016,NE,1595.531890327715
2016-10-09,2016,HOU,1527.993130344672
2016-10-09,2016,CIN,1556.0897893599306
2016-10-09,2016,CHI,1397.4142192274194
2016-10-09,2016,TEN,1319.4457832247315
2016-10-09,2016,ATL,1536.4984577420353
2016-10-09,2016,DET,1475.5021364870563
2016-10-09,2016,PIT,1619.1893785470802
2016-10-09,2016,GB,1585.4118655916543
2016-10-09,2016,CLE,1333.4967809929467
2016-10-09,2016,MIN,1633.2463035352432
2016-10-09,2016,DAL,1494.4878002593157
2016-10-09,2016,BUF,1556.5221984855698
2016-10-10,2016,CAR,1571.915543712106
2016-10-10,2016,TB,1391.8943125855074
2016-10-13,2016,LAC,1416.0032687059436
2016-10-13,2016,DEN,1647.4854057900475
2016-10-16,2016,NE,1608.0628492402016
2016-10-16,2016,TEN,1359.1366880934809
2016-10-16,2016,LV,1471.9213043605057
2016-10-16,2016,HOU,1511.877649952783
2016-10-16,2016,CHI,1383.8321855454358
2016-10-16,2016,DET,1483.4662666789468
2016-10-16,2016,WAS,1497.4702960855889
2016-10-16,2016,MIA,1380.0290120522857
2016-10-16,2016,BUF,1581.696464736516
2016-10-16,2016,NO,1420.7268485774043
2016-10-16,2016,GB,1595.5735032036214
2016-10-16,2016,CAR,1547.5428792770301
2016-10-16,2016,SEA,1634.7166261923192
2016-10-16,2016,BAL,1476.8561862410793
2016-10-16,2016,CIN,1527.7745707720096
2016-10-16,2016,CLE,1320.9658220804602
2016-10-16,2016,DAL,1522.8030188472367
2016-10-16,2016,IND,1459.6922701413673
2016-10-16,2016,JAX,1362.0912138355648
2016-10-16,2016,KC,1582.9268467590366
2016-10-16,2016,LA,1487.2678351016107
2016-10-16,2016,PHI,1559.5475552059713
2016-10-16,2016,PIT,1633.8687421173224
2016-10-16,2016,SF,1397.9947027121207
2016-10-16,2016,ATL,1570.8151433158678
2016-10-16,2016,NYG,1445.2357248301248
2016-10-17,2016,ARI,1568.186507238865
2016-10-17,2016,NYJ,1478.803851361537
2016-10-20,2016,GB,1557.3426289237793
2016-10-20,2016,CHI,1375.2558728775566
2016-10-23,2016,BAL,1461.6333383641718
2016-10-23,2016,CLE,1312.9633888275105
2016-10-23,2016,IND,1450.1539327707842
2016-10-23,2016,MIN,1649.3617839271321
2016-10-23,2016,NE,1626.05451621513
2016-10-23,2016,NO,1438.3117409665451
2016-10-23,2016,NYG,1460.4585727070323
2016-10-23,2016,LV,1449.3187696427217
2016-10-23,2016,LAC,1451.5752954495194
2016-10-23,2016,SEA,1641.9156615320912
2016-10-23,2016,TB,1416.2669770205832
2016-10-23,2016,WAS,1519.2461289343298
2016-10-23,2016,NYJ,1459.6689724464597
2016-10-23,2016,BUF,1594.5301639329193
2016-10-23,2016,MIA,1426.8790583444547
2016-10-23,2016,CIN,1509.7829037970812
2016-10-23,2016,PHI,1537.7717223572304
2016-10-23,2016,PIT,1587.0186958251534
2016-10-23,2016,KC,1605.5293814768206
2016-10-23,2016,LA,1475.3974683264428
2016-10-23,2016,JAX,1370.667526503444
2016-10-23,2016,ATL,1563.6161079760957
2016-10-23,2016,ARI,1587.3213861539423
2016-10-23,2016,SF,1385.1610035157173
2016-10-23,2016,DET,1495.3366334541147
2016-10-23,2016,TEN,1367.1391213464306
2016-10-24,2016,HOU,1521.4159873233662
2016-10-24,2016,DEN,1611.9133790464716
2016-10-27,2016,JAX,1344.6693561091156
2016-10-27,2016,TEN,1347.683441045689
2016-10-30,2016,LAC,1472.963544967886
2016-10-30,2016,PHI,1567.9922343137641
2016-10-30,2016,NYJ,1478.3557616682194
2016-10-30,2016,NE,1651.648858225934
2016-10-30,2016,KC,1613.4925283035393
2016-10-30,2016,GB,1568.1191921286327
2016-10-30,2016,DET,1508.1001220185638
2016-10-30,2016,ARI,1587.3213861539423
2016-10-30,2016,TB,1446.8095685514234
2016-10-30,2016,IND,1469.6096130715257
2016-10-30,2016,BUF,1575.0116974030452
2016-10-30,2016,CLE,1303.3940210124479
2016-10-30,2016,SEA,1641.9156615320912
2016-10-30,2016,DAL,1561.0338931270787
2016-10-30,2016,DEN,1629.1216787342385
2016-10-30,2016,NO,1430.3485941398264
2016-10-30,2016,CIN,1519.3522716121438
2016-10-30,2016,ATL,1542.227858457729
2016-10-30,2016,WAS,1506.4826403698808
2016-10-30,2016,LV,1475.31694003705
2016-10-30,2016,HOU,1504.2076876355993
2016-10-30,2016,CAR,1529.9579868878893
2016-10-31,2016,CHI,1364.4793096727033
2016-10-31,2016,MIN,1619.1412719705984
2016-11-03,2016,TB,1426.0761680886542
2016-11-03,2016,ATL,1548.6542668524144
2016-11-06,2016,LA,1450.154597574646
2016-11-06,2016,CLE,1294.8745409290643
2016-11-06,2016,LV,1496.0503404998192
2016-11-06,2016,GB,1561.6927837339474
2016-11-06,2016,CAR,1554.6882710190177
2016-11-06,2016,DAL,1577.8905090535497
2016-11-06,2016,DEN,1638.6083228429584
2016-11-06,2016,DET,1490.2886045387518
2016-11-06,2016,MIN,1578.561054145642
2016-11-06,2016,JAX,1322.0610102165992
2016-11-06,2016,KC,1633.333646408401
2016-11-06,2016,SF,1354.6184119848772
2016-11-06,2016,MIA,1446.3975248743288
2016-11-06,2016,NYG,1485.701443458829
2016-11-06,2016,BAL,1442.946549142412
2016-11-06,2016,IND,1449.768494966664
2016-11-06,2016,LAC,1463.476900859166
2016-11-06,2016,NO,1458.199703573242
2016-11-06,2016,NYJ,1486.875241751603
2016-11-06,2016,PHI,1551.135618387293
2016-11-06,2016,PIT,1561.4243538143494
2016-11-06,2016,TEN,1370.2917869382054
2016-11-07,2016,BUF,1549.343666234605
2016-11-07,2016,SEA,1614.0645520986757
2016-11-10,2016,BAL,1468.7281434271874
2016-11-10,2016,CLE,1282.781883020182
2016-11-13,2016,ARI,1562.5911020228139
2016-11-13,2016,NE,1677.3168893943741
2016-11-13,2016,LAC,1476.1670777478744
2016-11-13,2016,NYJ,1471.1829210104322
2016-11-13,2016,CAR,1566.0238850949465
2016-11-13,2016,JAX,1318.6037378593956
2016-11-13,2016,NO,1482.3630118834944
2016-11-13,2016,PIT,1535.642759529574
2016-11-13,2016,TB,1404.928849884317
2016-11-13,2016,PHI,1532.169379707277
2016-11-13,2016,WAS,1506.4826403698808
2016-11-13,2016,TEN,1357.6016100494971
2016-11-13,2016,HOU,1522.0192051154113
2016-11-13,2016,SEA,1626.7718864197916
2016-11-13,2016,KC,1636.7909187656046
2016-11-13,2016,GB,1534.0557307172521
2016-11-13,2016,DEN,1606.8967696576951
2016-11-13,2016,DAL,1589.983166962432
2016-11-13,2016,CHI,1405.0595274976597
2016-11-13,2016,ATL,1569.8015850567515
2016-11-13,2016,LA,1438.8189834987172
2016-11-13,2016,MIA,1462.0898456154996
2016-11-13,2016,MIN,1550.0737853717908
2016-11-13,2016,SF,1330.4551036746248
2016-11-14,2016,NYG,1504.6676821388453
2016-11-14,2016,CIN,1519.3522716121438
2016-11-17,2016,NO,1474.0478042906814
2016-11-17,2016,CAR,1553.2007673572275
2016-11-20,2016,BUF,1536.6363319134891
2016-11-20,2016,TEN,1402.6803485644868
2016-11-20,2016,ARI,1566.6793706790097
2016-11-20,2016,CHI,1377.2193798498174
2016-11-20,2016,BAL,1480.2620714731431
2016-11-20,2016,GB,1488.9769922022624
2016-11-20,2016,IND,1477.4055479833594
2016-11-20,2016,KC,1649.6140365033236
2016-11-20,2016,PIT,1518.1026602135091
2016-11-20,2016,PHI,1554.4035406706296
2016-11-20,2016,NE,1649.5331558767675
2016-11-20,2016,MIA,1487.271154945988
2016-11-20,2016,JAX,1311.0898107345654
2016-11-20,2016,CLE,1271.2479549742263
2016-11-20,2016,SEA,1654.5556199373982
2016-11-20,2016,SF,1326.366835018429
2016-11-20,2016,DET,1518.775873312603
2016-11-20,2016,WAS,1525.6564001673842
2016-11-20,2016,NYG,1510.8430132020474
2016-11-20,2016,CIN,1513.1769405489417
2016-11-20,2016,DAL,1607.523266278497
2016-11-20,2016,MIN,1530.9000255742874
2016-11-20,2016,LA,1456.4775721360256
2016-11-20,2016,TB,1432.7689975321593
2016-11-21,2016,HOU,1529.5331322402415
2016-11-21,2016,LV,1527.7618936850824
2016-11-24,2016,IND,1490.4197165346523
2016-11-24,2016,MIN,1549.5712415678813
2016-11-24,2016,WAS,1547.232715217567
2016-11-24,2016,PIT,1530.382048918346
2016-11-24,2016,DET,1525.7306382404681
2016-11-24,2016,DAL,1619.3920181760734
2016-11-27,2016,NO,1465.5353525494286
2016-11-27,2016,JAX,1304.1350458067002
2016-11-27,2016,KC,1629.1007193171163
2016-11-27,2016,LA,1439.4536393133571
2016-11-27,2016,NE,1657.5193166513768
2016-11-27,2016,NYG,1520.1932614389282
2016-11-27,2016,LAC,1450.985768417386
2016-11-27,2016,SEA,1668.4703249593745
2016-11-27,2016,SF,1318.3806742438196
2016-11-27,2016,TEN,1389.666180013194
2016-11-27,2016,NYJ,1453.5243323731238
2016-11-27,2016,ARI,1548.0081546854158
2016-11-27,2016,HOU,1511.860699531634
2016-11-27,2016,CHI,1367.8691316129366
2016-11-27,2016,CLE,1258.9685662693894
2016-11-27,2016,CIN,1495.7532873231382
2016-11-27,2016,ATL,1547.5674240933988
2016-11-27,2016,LV,1545.4343263936898
2016-11-27,2016,BAL,1468.3933195755667
2016-11-27,2016,BUF,1554.0599851392926
2016-11-27,2016,DEN,1615.2119772505082
2016-11-27,2016,TB,1453.2823147183667
2016-11-27,2016,MIA,1504.2950877686565
2016-11-27,2016,CAR,1561.7132190984803
2016-11-28,2016,PHI,1540.4888356486533
2016-11-28,2016,GB,1467.4006771520797
2016-12-01,2016,MIN,1536.8108542685143
2016-12-01,2016,DAL,1630.7294420012227
2016-12-04,2016,NYG,1531.3833971848896
2016-12-04,2016,LAC,1481.117719601459
2016-12-04,2016,CAR,1549.291570407029
2016-12-04,2016,NO,1491.268751066884
2016-12-04,2016,BUF,1559.6464696023354
2016-12-04,2016,LV,1557.8559750851412
2016-12-04,2016,NE,1667.205562151436
2016-12-04,2016,GB,1505.660661803901
2016-12-04,2016,ATL,1572.9017405982977
2016-12-04,2016,BAL,1485.091082310178
2016-12-04,2016,CHI,1346.6930200453644
2016-12-04,2016,PIT,1562.1234024922087
2016-12-04,2016,WAS,1535.8952913924177
2016-12-04,2016,CIN,1479.0555245885269
2016-12-04,2016,KC,1644.5600706135447
2016-12-04,2016,HOU,1481.7287483475611
2016-12-04,2016,SEA,1632.4064542606775
2016-12-04,2016,JAX,1298.5485613436574
2016-12-04,2016,DET,1538.4910255398352
2016-12-04,2016,ARI,1522.673838180517
2016-12-04,2016,TB,1489.3461854170637
2016-12-04,2016,PHI,1502.228850996832
2016-12-04,2016,DEN,1599.7526259540798
2016-12-04,2016,SF,1310.6202073875475
2016-12-04,2016,MIA,1512.0555546249286
2016-12-04,2016,LA,1413.7202407959016
2016-12-05,2016,NYJ,1443.8380868730646
2016-12-05,2016,IND,1458.6783629607896
2016-12-08,2016,KC,1650.9515453647775
2016-12-08,2016,LV,1580.872370398031
2016-12-11,2016,NYG,1513.3916156068847
2016-12-11,2016,CHI,1369.0569471780402
2016-12-11,2016,CLE,1247.778430523428
2016-12-11,2016,DET,1566.2888031733562
2016-12-11,2016,ARI,1542.1461371028454
2016-12-11,2016,MIN,1527.463410073043
2016-12-11,2016,TEN,1410.8422915807662
2016-12-11,2016,LA,1406.250639136198
2016-12-11,2016,MIA,1479.515991020471
2016-12-11,2016,PHI,1475.1900217313987
2016-12-11,2016,WAS,1516.4229924700892
2016-12-11,2016,SEA,1653.691491562418
2016-12-11,2016,GB,1522.5940876243635
2016-12-11,2016,CAR,1528.0065331052886
2016-12-11,2016,LAC,1457.5267996985706
2016-12-11,2016,PIT,1580.1151840702137
2016-12-11,2016,JAX,1290.4268952700963
2016-12-11,2016,NYJ,1405.3021526787015
2016-12-11,2016,NO,1463.470973433363
2016-12-11,2016,IND,1497.2142971551527
2016-12-11,2016,HOU,1464.7953225270985
2016-12-11,2016,DEN,1607.8742920276409
2016-12-11,2016,SF,1288.2562802548716
2016-12-11,2016,ATL,1566.5102658470648
2016-12-11,2016,DAL,1640.076886196694
2016-12-11,2016,TB,1512.937105319952
2016-12-11,2016,CIN,1506.0943538539602
2016-12-11,2016,BUF,1536.6300742894455
2016-12-12,2016,NE,1674.6751638111396
2016-12-12,2016,BAL,1517.6306459146358
2016-12-15,2016,LA,1384.218505158008
2016-12-15,2016,SEA,1610.4829311647218
2016-12-17,2016,MIA,1494.0590561293875
2016-12-17,2016,NYJ,1420.4682828917469
2016-12-18,2016,TEN,1431.7267461700444
2016-12-18,2016,TB,1525.403799024776
2016-12-18,2016,SF,1273.0901500418263
2016-12-18,2016,CIN,1517.1545906374492
2016-12-18,2016,PIT,1601.223123793952
2016-12-18,2016,LAC,1441.180427757165
2016-12-18,2016,PHI,1456.8671290146708
2016-12-18,2016,LV,1566.8456245336522
2016-12-18,2016,NO,1451.0042797285391
2016-12-18,2016,NE,1683.6150209262917
2016-12-18,2016,JAX,1279.7417944455447
2016-12-18,2016,IND,1474.3875160568264
2016-12-18,2016,GB,1565.8026480220597
2016-12-18,2016,DET,1571.1773537149709
2016-12-18,2016,CLE,1236.718193739939
2016-12-18,2016,NYG,1530.9702818298579
2016-12-18,2016,ARI,1527.6030719939288
2016-12-18,2016,BUF,1515.5221345657071
2016-12-18,2016,DEN,1586.9898374383627
2016-12-18,2016,HOU,1487.6221036254249
2016-12-18,2016,MIN,1538.1485108975946
2016-12-18,2016,CHI,1364.1683966364255
2016-12-18,2016,ATL,1588.542399825255
2016-12-18,2016,DAL,1622.4982199737208
2016-12-18,2016,KC,1664.9782912291564
2016-12-18,2016,BAL,1508.6907887994837
2016-12-19,2016,CAR,1544.352905046694
2016-12-19,2016,WAS,1534.745885186817
2016-12-22,2016,NYG,1555.1763372813336
2016-12-22,2016,PHI,1452.090848766514
2016-12-24,2016,NE,1705.8447130253574
2016-12-24,2016,CLE,1229.7070879014962
2016-12-24,2016,LA,1374.8207840752086
2016-12-24,2016,CHI,1356.5939345541735
2016-12-24,2016,SEA,1619.880652247521
2016-12-24,2016,CAR,1572.4266928487466
2016-12-24,2016,HOU,1489.9380678019224
2016-12-24,2016,LV,1577.2915089392316
2016-12-24,2016,BUF,1522.5332404041499
2016-12-24,2016,GB,1573.3771101043117
2016-12-24,2016,MIA,1522.3675563887566
2016-12-24,2016,JAX,1277.425830269047
2016-12-24,2016,ARI,1497.9774751151551
2016-12-24,2016,ATL,1594.8918733580163
2016-12-24,2016,CIN,1502.9578034892995
2016-12-24,2016,IND,1520.8960867505705
2016-12-24,2016,MIN,1491.6399402038505
2016-12-24,2016,NYJ,1392.1597826323778
2016-12-24,2016,NO,1480.6298766073128
2016-12-24,2016,TEN,1452.754274325295
2016-12-24,2016,WAS,1506.6720973847646
2016-12-24,2016,LAC,1430.7345433515857
2016-12-24,2016,SF,1266.740676509065
2016-12-24,2016,TB,1514.3579718734002
2016-12-25,2016,KC,1643.9507630739058
2016-12-25,2016,DEN,1564.760145339297
2016-12-25,2016,BAL,1513.4670690476405
2016-12-25,2016,PIT,1615.4199109421018
2016-12-26,2016,DAL,1633.5440471250965
2016-12-26,2016,DET,1546.971298263495
2017-01-01,2016,LV,1592.1484315182213
2017-01-01,2016,NE,1712.8204513281883
2017-01-01,2016,NYG,1533.9089865192482
2017-01-01,2016,KC,1663.4622272856484
2017-01-01,2016,DAL,1651.9225463649946
2017-01-01,2016,CHI,1335.8092556092301
2017-01-01,2016,NO,1500.4420562458615
2017-01-01,2016,CAR,1541.038191620172
2017-01-01,2016,GB,1589.4019299821114
2017-01-01,2016,LA,1364.2170026608042
2017-01-01,2016,CIN,1493.2287485056167
2017-01-01,2016,MIA,1538.493175515094
2017-01-01,2016,NYJ,1385.1840443295469
2017-01-01,2016,CLE,1250.774949900289
2017-01-01,2016,JAX,1321.7482491459373
2017-01-01,2016,SF,1277.3444579234695
2017-01-01,2016,DET,1528.592799023597
2017-01-01,2016,TB,1494.5457922348514
2017-01-01,2016,TEN,1408.4318554484048
2017-01-01,2016,MIN,1475.6151203260508
2017-01-01,2016,IND,1506.0391641715808
2017-01-01,2016,LAC,1409.666681352793
2017-01-01,2016,ARI,1519.8127233353614
2017-01-01,2016,BAL,1504.5269400763286
2017-01-01,2016,BUF,1506.4076212778125
2017-01-01,2016,ATL,1626.2803745865908
2017-01-01,2016,PIT,1624.3600399134136
2017-01-01,2016,WAS,1527.456776329708
2017-01-01,2016,PHI,1473.3581995285995
2017-01-01,2016,DEN,1545.2486811275544
2017-01-01,2016,HOU,1499.6671227856052
2017-01-01,2016,SEA,1598.0454040273148
2017-01-07,2016,DET,1508.6806128872843
2017-01-07,2016,LV,1562.8119566774803
2017-01-07,2016,HOU,1475.8298427887999
2017-01-07,2016,SEA,1601.412647309827
2017-01-08,2016,MIA,1519.4451025506971
2017-01-08,2016,NYG,1560.1712864288434
2017-01-08,2016,GB,1609.3141161184242
2017-01-08,2016,PIT,1626.2481469355102
2017-01-14,2016,HOU,1505.6983070484184
2017-01-14,2016,SEA,1619.0316270748222
2017-01-14,2016,ATL,1635.9756850553852
2017-01-14,2016,NE,1731.868524292585
2017-01-15,2016,PIT,1642.251584331288
2017-01-15,2016,KC,1673.7339051911947
2017-01-15,2016,DAL,1612.7967881937823
2017-01-15,2016,GB,1632.0133442008655
2017-01-22,2016,NE,1740.82489214966
2017-01-22,2016,ATL,1658.4104193677772
2017-01-22,2016,PIT,1656.2124225253294
2017-01-22,2016,GB,1647.2211179280398
2017-02-05,2016,ATL,1684.136446980584
2017-02-05,2016,NE,1758.7896588304134
2017-09-07,2017,KC,1606.5153779981022
2017-09-07,2017,NE,1684.3625340142785
2017-09-10,2017,BAL,1486.0597067173721
2017-09-10,2017,CAR,1522.7610152874565
2017-09-10,2017,ATL,1610.9215365263865
2017-09-10,2017,CLE,1332.5912285854615
2017-09-10,2017,NYG,1524.9813722309348
2017-09-10,2017,NYJ,1448.8122012007166
2017-09-10,2017,LV,1521.9623282785744
2017-09-10,2017,PHI,1508.322638466541
2017-09-10,2017,PIT,1592.165103896384
2017-09-10,2017,SEA,1564.3979285082867
2017-09-10,2017,GB,1580.996726876822
2017-09-10,2017,JAX,1377.1287514918029
2017-09-10,2017,IND,1508.0628573865426
2017-09-10,2017,ARI,1529.5044306701539
2017-09-10,2017,WAS,1500.7963176134085
2017-09-10,2017,TEN,1454.8460902968068
2017-09-10,2017,DET,1494.0410887481928
2017-09-10,2017,LA,1393.1820533272899
2017-09-10,2017,SF,1349.3181430939715
2017-09-10,2017,CIN,1512.4440856705914
2017-09-10,2017,CHI,1380.0615590347215
2017-09-10,2017,HOU,1497.8279594608957
2017-09-10,2017,BUF,1478.9155758708564
2017-09-10,2017,DAL,1565.0593429777387
2017-09-11,2017,NO,1493.831163851378
2017-09-11,2017,LAC,1432.9300022981645
2017-09-11,2017,DEN,1549.723437312197
2017-09-11,2017,MIN,1494.2213582554657
2017-09-14,2017,CIN,1474.2883901956536
2017-09-14,2017,HOU,1448.5643116171912
2017-09-17,2017,GB,1598.418542770544
2017-09-17,2017,CLE,1326.816659639786
2017-09-17,2017,CHI,1370.7652902652944
2017-09-17,2017,BUF,1496.2357964007783
2017-09-17,2017,ARI,1504.920149682354
2017-09-17,2017,DAL,1585.5391237770973
2017-09-17,2017,MIA,1502.294443436613
2017-09-17,2017,NE,1644.7449177950618
2017-09-17,2017,IND,1463.4125421896172
2017-09-17,2017,CAR,1541.594027870986
2017-09-17,2017,TB,1500.9616406158923
2017-09-17,2017,BAL,1524.21540219231
2017-09-17,2017,DEN,1556.9240528975195
2017-09-17,2017,ATL,1620.2178052958136
2017-09-17,2017,LAC,1425.729386712842
2017-09-17,2017,PIT,1597.9396728420595
2017-09-17,2017,NO,1473.6151882780387
2017-09-17,2017,LV,1544.4280566659527
2017-09-17,2017,KC,1646.1329942173188
2017-09-17,2017,SEA,1546.9761126145647
2017-09-17,2017,NYJ,1431.4919806707946
2017-09-17,2017,PHI,1538.3256563462085
2017-09-17,2017,JAX,1426.3923993355074
2017-09-17,2017,LA,1437.8323685242153
2017-09-17,2017,MIN,1514.437333828805
2017-09-17,2017,WAS,1470.7932997337412
2017-09-17,2017,TEN,1432.3803619094285
2017-09-17,2017,SF,1330.4851305104419
2017-09-18,2017,NYG,1504.5015914315761
2017-09-18,2017,DET,1518.6253697359928
2017-09-21,2017,LA,1415.9890901129838
2017-09-21,2017,SF,1326.052622063104
2017-09-24,2017,DET,1548.8026609089256
2017-09-24,2017,GB,1579.1081789736243
2017-09-24,2017,BUF,1482.4674379364994
2017-09-24,2017,IND,1449.248778832211
2017-09-24,2017,TB,1516.2709353806122
2017-09-24,2017,SEA,1551.4086210619025
2017-09-24,2017,PIT,1615.3565430222468
2017-09-24,2017,LV,1561.651374773549
2017-09-24,2017,NYG,1474.3243002586432
2017-09-24,2017,NO,1455.9142659719914
2017-09-24,2017,MIA,1512.2500864653016
2017-09-24,2017,KC,1657.3839739332843
2017-09-24,2017,JAX,1391.0882039641278
2017-09-24,2017,DEN,1587.4203566835097
2017-09-24,2017,CLE,1317.2751687773532
2017-09-24,2017,CIN,1454.1545106073515
2017-09-24,2017,HOU,1468.6981912054932
2017-09-24,2017,ATL,1639.5281690927334
2017-09-24,2017,NE,1662.445840101109
2017-09-24,2017,LAC,1415.7737436841533
2017-09-24,2017,BAL,1533.7568930547427
2017-09-24,2017,CAR,1555.362386335265
2017-09-24,2017,PHI,1527.074676630243
2017-09-24,2017,NYJ,1414.2686625631984
2017-09-24,2017,MIN,1497.0204636486178
2017-09-24,2017,TEN,1467.6845572808081
2017-09-24,2017,WAS,1492.6365781449726
2017-09-24,2017,CHI,1355.4559955005745
2017-09-25,2017,DAL,1555.042819991107
2017-09-25,2017,ARI,1519.08391303976
2017-09-28,2017,CHI,1388.704366048821
2017-09-28,2017,GB,1586.0435914101315
2017-10-01,2017,BUF,1511.0830682931582
2017-10-01,2017,JAX,1439.2081388458616
2017-10-01,2017,DET,1534.9466467821271
2017-10-01,2017,CIN,1447.2190981708443
2017-10-01,2017,CAR,1508.9584846589626
2017-10-01,2017,SF,1316.5669688764694
2017-10-01,2017,NO,1502.3181676482939
2017-10-01,2017,ATL,1653.384183219532
2017-10-01,2017,NE,1667.4207940469691
2017-10-01,2017,CLE,1310.562345602894
2017-10-01,2017,MIN,1523.1958472466408
2017-10-01,2017,SEA,1529.6016080896682
2017-10-01,2017,NYJ,1445.9377449035171
2017-10-01,2017,DAL,1580.8942277881501
2017-10-01,2017,MIA,1480.5810041249829
2017-10-01,2017,TB,1490.0955517825892
2017-10-01,2017,DEN,1558.8047263268509
2017-10-01,2017,IND,1455.96160200667
2017-10-01,2017,LAC,1403.476509036933
2017-10-01,2017,BAL,1485.636958173009
2017-10-01,2017,ARI,1493.232505242717
2017-10-01,2017,HOU,1463.7232372596332
2017-10-01,2017,TEN,1489.4915702530425
2017-10-01,2017,PIT,1582.1081724740004
2017-10-01,2017,PHI,1536.5908216972566
2017-10-01,2017,LV,1530.705935380711
2017-10-01,2017,NYG,1464.8081551916296
2017-10-01,2017,LA,1425.4747432996185
2017-10-02,2017,WAS,1523.5820175378105
2017-10-02,2017,KC,1669.6812085805045
2017-10-05,2017,TB,1498.5174970833325
2017-10-05,2017,NE,1643.9688088204941
2017-10-08,2017,LV,1515.952414824421
2017-10-08,2017,ARI,1498.6487341843563
2017-10-08,2017,BAL,1461.2763993300487
2017-10-08,2017,BUF,1543.01044306566
2017-10-08,2017,GB,1596.9377757627701
2017-10-08,2017,JAX,1427.7949890410405
2017-10-08,2017,KC,1680.1129539957435
2017-10-08,2017,LAC,1395.4400891521382
2017-10-08,2017,NYJ,1457.3508947083383
2017-10-08,2017,SEA,1550.7739415933252
2017-10-08,2017,SF,1311.1507399348302
2017-10-08,2017,TEN,1454.4221840711994
2017-10-08,2017,CAR,1532.4104698854376
2017-10-08,2017,MIA,1447.4431950420312
2017-10-08,2017,IND,1434.789268503013
2017-10-08,2017,LA,1455.6154240592025
2017-10-08,2017,CLE,1287.3490508802063
2017-10-08,2017,NYG,1456.3862098908862
2017-10-08,2017,HOU,1498.7926234414763
2017-10-08,2017,PIT,1606.4687313169607
2017-10-08,2017,DAL,1550.7535470285661
2017-10-08,2017,DET,1558.2873628810353
2017-10-08,2017,CIN,1470.432392893532
2017-10-08,2017,PHI,1544.6272415820515
2017-10-09,2017,CHI,1377.8101816961823
2017-10-09,2017,MIN,1499.8551311477327
2017-10-12,2017,CAR,1549.7601292402326
2017-10-12,2017,PHI,1568.1449026555038
2017-10-15,2017,TB,1486.0500457849157
2017-10-15,2017,MIN,1510.4509361238286
2017-10-15,2017,NO,1535.4559767312455
2017-10-15,2017,HOU,1485.656917399952
2017-10-15,2017,BAL,1496.9097106870936
2017-10-15,2017,LV,1480.3191034673762
2017-10-15,2017,CHI,1367.2143767200864
2017-10-15,2017,CLE,1278.646019728596
2017-10-15,2017,ATL,1621.4568084470302
2017-10-15,2017,DET,1540.9377035262403
2017-10-15,2017,LAC,1420.0159801406444
2017-10-15,2017,LA,1439.1347403761413
2017-10-15,2017,MIA,1464.3010858627342
2017-10-15,2017,NE,1656.436260118911
2017-10-15,2017,NYG,1431.81031890238
2017-10-15,2017,PIT,1552.2512511778762
2017-10-15,2017,SF,1304.1730548659032
2017-10-15,2017,GB,1613.1296306801787
2017-10-15,2017,JAX,1482.012469180125
2017-10-15,2017,NYJ,1466.0539258599485
2017-10-15,2017,DEN,1573.5582468831408
2017-10-15,2017,KC,1693.2486600372679
2017-10-15,2017,WAS,1513.1502721225716
2017-10-15,2017,ARI,1475.131073110904
2017-10-16,2017,IND,1441.7669535719401
2017-10-16,2017,TEN,1437.5642932504963
2017-10-19,2017,KC,1661.4020999695954
2017-10-19,2017,LV,1470.8270284407045
2017-10-22,2017,TB,1470.3029457165621
2017-10-22,2017,IND,1418.544530299162
2017-10-22,2017,CIN,1487.8580912782838
2017-10-22,2017,NYJ,1454.1073770292267
2017-10-22,2017,SEA,1567.2546252763864
2017-10-22,2017,CHI,1389.3996987858263
2017-10-22,2017,LA,1470.5440242570633
2017-10-22,2017,ATL,1598.0614314208888
2017-10-22,2017,CAR,1530.0536584513698
2017-10-22,2017,MIN,1541.738469162098
2017-10-22,2017,JAX,1450.603185299203
2017-10-22,2017,NO,1558.787956788802
2017-10-22,2017,LAC,1429.5080551673161
2017-10-22,2017,MIA,1487.6964628888757
2017-10-22,2017,ARI,1490.8781731792576
2017-10-22,2017,GB,1581.8420976419093
2017-10-22,2017,NE,1668.3828089496328
2017-10-22,2017,PIT,1584.0978112455487
2017-10-22,2017,DAL,1534.5616921111575
2017-10-22,2017,NYG,1475.0639678929451
2017-10-22,2017,BAL,1474.7243886213537
2017-10-22,2017,BUF,1525.5847446809082
2017-10-22,2017,SF,1300.5227870707274
2017-10-22,2017,CLE,1269.1376341628106
2017-10-22,2017,DEN,1530.3045978925757
2017-10-22,2017,TEN,1460.7867165232744
2017-10-23,2017,PHI,1587.8513734443666
2017-10-23,2017,WAS,1516.8005399177473
2017-10-26,2017,BAL,1460.5141290283602
2017-10-26,2017,MIA,1497.9810763819846
2017-10-29,2017,ATL,1579.9932505163029
2017-10-29,2017,CAR,1494.4169517600194
2017-10-29,2017,DAL,1550.7238921634917
2017-10-29,2017,HOU,1495.1653029657373
2017-10-29,2017,IND,1383.440278107297
2017-10-29,2017,PIT,1599.8960405981027
2017-10-29,2017,LAC,1465.9544804389732
2017-10-29,2017,MIN,1555.9487287550915
2017-10-29,2017,LV,1481.120411675251
2017-10-29,2017,SF,1284.3605870183933
2017-10-29,2017,CHI,1425.0364054771767
2017-10-29,2017,TB,1460.8858734525165
2017-10-29,2017,SEA,1592.0046044708124
2017-10-29,2017,NO,1587.3817634973577
2017-10-29,2017,NE,1686.4509898542187
2017-10-29,2017,PHI,1603.096007635638
2017-10-29,2017,CLE,1261.2178079141343
2017-10-29,2017,NYJ,1443.8227635361177
2017-10-29,2017,DET,1517.605723468684
2017-10-29,2017,BUF,1535.0018169449538
2017-10-29,2017,CIN,1472.0598619257298
2017-10-29,2017,WAS,1501.5559057264759
2017-10-30,2017,DEN,1493.8581726209186
2017-10-30,2017,KC,1651.1087167350488
2017-11-02,2017,NYJ,1430.875922692044
2017-11-02,2017,BUF,1555.803408972554
2017-11-05,2017,NO,1596.588973544125
2017-11-05,2017,PHI,1608.9810290605026
2017-11-05,2017,ATL,1592.9400913603765
2017-11-05,2017,JAX,1485.707437491068
2017-11-05,2017,KC,1661.4074257517782
2017-11-05,2017,IND,1379.3557617331785
2017-11-05,2017,LV,1460.3188196476508
2017-11-05,2017,DEN,1483.5594636041892
2017-11-05,2017,LA,1502.602407079861
2017-11-05,2017,MIA,1462.1424248717772
2017-11-05,2017,CIN,1476.1443782998483
2017-11-05,2017,ARI,1458.8197903564599
2017-11-05,2017,SEA,1599.8827301605104
2017-11-05,2017,HOU,1487.2871772760393
2017-11-05,2017,TB,1432.491514510908
2017-11-05,2017,SF,1278.4755655935287
2017-11-05,2017,TEN,1468.7065427719508
2017-11-05,2017,CAR,1522.811310701628
2017-11-05,2017,NYG,1450.313988698519
2017-11-05,2017,BAL,1496.352780538568
2017-11-05,2017,WAS,1474.5807620320234
2017-11-05,2017,DAL,1577.6990358579442
2017-11-06,2017,GB,1553.2482909333535
2017-11-06,2017,DET,1501.6987290892885
2017-11-09,2017,ARI,1473.2162612527422
2017-11-09,2017,SEA,1577.894441015685
2017-11-12,2017,NE,1693.3331684057605
2017-11-12,2017,MIN,1566.0644399230766
2017-11-12,2017,PIT,1615.803034977498
2017-11-12,2017,GB,1517.8968203393374
2017-11-12,2017,LAC,1459.0723018874314
2017-11-12,2017,NYJ,1464.1806843910285
2017-11-12,2017,NYG,1415.2676397391454
2017-11-12,2017,CHI,1415.8291954304093
2017-11-12,2017,DAL,1605.5450312224823
2017-11-12,2017,HOU,1457.5281386418228
2017-11-12,2017,WAS,1496.5690511768487
2017-11-12,2017,TEN,1481.6386395978539
2017-11-12,2017,LA,1537.6487560392347
2017-11-12,2017,CIN,1453.0676270078336
2017-11-12,2017,IND,1409.114800367395
2017-11-12,2017,JAX,1508.7841887830828
2017-11-12,2017,TB,1419.8418634521552
2017-11-12,2017,SF,1264.0790946972463
2017-11-12,2017,NO,1609.238624602878
2017-11-12,2017,DET,1537.0501996833045
2017-11-12,2017,CLE,1251.102096746149
2017-11-12,2017,ATL,1578.0455674971831
2017-11-12,2017,DEN,1466.7498382073738
2017-11-12,2017,BUF,1522.4986472735695
2017-11-13,2017,MIA,1445.9380151560647
2017-11-13,2017,CAR,1537.7058345648213
2017-11-16,2017,TEN,1493.8184098875467
2017-11-16,2017,PIT,1623.2065883981138
2017-11-19,2017,PHI,1625.790654457318
2017-11-19,2017,LA,1557.8022063589951
2017-11-19,2017,JAX,1518.4200226801195
2017-11-19,2017,HOU,1437.3746883220624
2017-11-19,2017,CIN,1440.8878567181407
2017-11-19,2017,BUF,1490.7216275425735
2017-11-19,2017,BAL,1483.4206837126649
2017-11-19,2017,ARI,1457.313418578729
2017-11-19,2017,NO,1641.015644333874
2017-11-19,2017,MIA,1427.2306886363663
2017-11-19,2017,LAC,1449.4364679903947
2017-11-19,2017,DAL,1577.1586702940222
2017-11-19,2017,LV,1476.5232293633633
2017-11-19,2017,MIN,1586.4795546262928
2017-11-19,2017,NYG,1382.8486158265596
2017-11-19,2017,DET,1543.0502893973871
2017-11-19,2017,NE,1709.2124233254026
2017-11-19,2017,CLE,1245.1020070320665
2017-11-19,2017,KC,1633.56143038724
2017-11-19,2017,DEN,1450.8705832877317
2017-11-19,2017,CHI,1398.6667057012878
2017-11-19,2017,WAS,1476.1539364736325
2017-11-19,2017,GB,1535.059310068459
2017-11-19,2017,TB,1437.5411997842893
2017-11-20,2017,ATL,1606.4319284256433
2017-11-20,2017,SEA,1593.7972836896984
2017-11-23,2017,NYG,1406.1379104419789
2017-11-23,2017,MIN,1608.3439021939178
2017-11-23,2017,LAC,1483.0102666519383
2017-11-23,2017,WAS,1470.415401009579
2017-11-23,2017,DET,1552.738708351491
2017-11-23,2017,DAL,1543.5566156366676
2017-11-26,2017,CLE,1235.1129848564253
2017-11-26,2017,CAR,1556.4131610845197
2017-11-26,2017,NYJ,1446.4813480588944
2017-11-26,2017,BUF,1457.14782888103
2017-11-26,2017,KC,1610.2721357718208
2017-11-26,2017,NO,1646.7541797979275
2017-11-26,2017,IND,1401.7112469467793
2017-11-26,2017,ATL,1621.9505880831337
2017-11-26,2017,SF,1296.498118609832
2017-11-26,2017,LA,1535.9378587913702
2017-11-26,2017,NE,1724.6444180726842
2017-11-26,2017,ARI,1435.5446330386708
2017-11-26,2017,PIT,1638.782173076864
2017-11-26,2017,LV,1461.0912346160817
2017-11-26,2017,CIN,1457.4804232041395
2017-11-26,2017,TB,1464.5743317568936
2017-11-26,2017,SEA,1578.278624032208
2017-11-26,2017,MIA,1400.197556663762
2017-11-26,2017,JAX,1528.4090448557606
2017-11-26,2017,GB,1492.4780422263407
2017-11-26,2017,PHI,1659.3927091146725
2017-11-26,2017,TEN,1478.2428252087966
2017-11-26,2017,CHI,1388.978286747184
2017-11-26,2017,DEN,1434.278016801733
2017-11-27,2017,BAL,1526.001951554783
2017-11-27,2017,HOU,1459.1434738621206
2017-11-30,2017,DAL,1500.5926534653977
2017-11-30,2017,WAS,1486.1035911156112
2017-12-03,2017,LA,1559.5515627296159
2017-12-03,2017,JAX,1512.440210019383
2017-12-03,2017,TEN,1492.8293184181998
2017-12-03,2017,BAL,1539.4593177452382
2017-12-03,2017,MIA,1394.9147412316793
2017-12-03,2017,LAC,1525.9742288232083
2017-12-03,2017,NO,1623.1404758596818
2017-12-03,2017,MIN,1628.6131419228
2017-12-03,2017,KC,1577.6785409981917
2017-12-03,2017,IND,1387.124753737376
2017-12-03,2017,HOU,1445.6861076716655
2017-12-03,2017,GB,1486.2036239753052
2017-12-03,2017,CHI,1380.8661693831025
2017-12-03,2017,SEA,1587.5584695087398
2017-12-03,2017,LV,1476.9370847793696
2017-12-03,2017,BUF,1489.741423654659
2017-12-03,2017,ATL,1633.5743331004983
2017-12-03,2017,NYJ,1428.8802672243096
2017-12-03,2017,ARI,1451.5134678750485
2017-12-03,2017,CAR,1574.0142419191043
2017-12-03,2017,DET,1532.4694686226087
2017-12-03,2017,CLE,1226.712195063822
2017-12-03,2017,PHI,1667.504826478754
2017-12-03,2017,TB,1452.950586739529
2017-12-03,2017,SF,1287.2182731333003
2017-12-03,2017,DEN,1418.432166638445
2017-12-03,2017,NYG,1390.4497203359467
2017-12-03,2017,NE,1729.927233504767
2017-12-04,2017,PIT,1645.0565913278995
2017-12-04,2017,CIN,1465.8812129967428
2017-12-07,2017,ATL,1612.4376076459694
2017-12-07,2017,NO,1639.8477995684748
2017-12-10,2017,MIN,1649.7498673773289
2017-12-10,2017,CHI,1370.5942222469528
2017-12-10,2017,TEN,1510.2839020162698
2017-12-10,2017,NYJ,1456.824137585186
2017-12-10,2017,DAL,1526.3227943201211
2017-12-10,2017,DET,1505.9949596428517
2017-12-10,2017,BAL,1565.9338267249952
2017-12-10,2017,GB,1500.6592202448421
2017-12-10,2017,SF,1297.49022026945
2017-12-10,2017,IND,1371.918956903284
2017-12-10,2017,PIT,1653.422035633096
2017-12-10,2017,CIN,1457.5157686915463
2017-12-10,2017,NYG,1378.081312887891
2017-12-10,2017,TB,1438.494990469992
2017-12-10,2017,CLE,1221.966893894634
2017-12-10,2017,BUF,1475.8224538658317
2017-12-10,2017,CAR,1557.3069182103113
2017-12-10,2017,DEN,1388.12964277477
2017-12-10,2017,KC,1549.7346706373153
2017-12-10,2017,LA,1582.4120956852398
2017-12-10,2017,JAX,1527.646006853475
2017-12-10,2017,HOU,1428.2315240735954
2017-12-10,2017,ARI,1428.6529349194245
2017-12-10,2017,LAC,1530.7195299923962
2017-12-10,2017,SEA,1617.5576228713912
2017-12-10,2017,WAS,1460.3734502608877
2017-12-10,2017,PHI,1637.5056731161026
2017-12-10,2017,LV,1489.3054922274252
2017-12-11,2017,NE,1743.8462032935943
2017-12-11,2017,MIA,1425.2172650953544
2017-12-14,2017,DEN,1422.1206465047294
2017-12-14,2017,IND,1361.20385249701
2017-12-16,2017,LAC,1549.150289120318
2017-12-16,2017,CHI,1418.6945915355398
2017-12-16,2017,DET,1518.9656879982817
2017-12-16,2017,KC,1566.25676061655
2017-12-17,2017,NE,1704.6730704809938
2017-12-17,2017,BUF,1486.5375582721056
2017-12-17,2017,HOU,1389.7763131761442
2017-12-17,2017,ARI,1448.6045107501013
2017-12-17,2017,SEA,1595.3391869966024
2017-12-17,2017,JAX,1549.8644427282638
2017-12-17,2017,LV,1472.7834022481904
2017-12-17,2017,GB,1508.0385895439922
2017-12-17,2017,BAL,1561.8290237118767
2017-12-17,2017,LA,1560.9575709558433
2017-12-17,2017,NYJ,1422.8331338552266
2017-12-17,2017,CIN,1409.4153994029593
2017-12-17,2017,SF,1335.9454311669012
2017-12-17,2017,NYG,1357.138452479983
2017-12-17,2017,NO,1626.9263761648576
2017-12-17,2017,PIT,1657.5268386462144
2017-12-17,2017,PHI,1658.9601978454991
2017-12-17,2017,MIA,1464.3903979079548
2017-12-17,2017,DAL,1547.2656547280292
2017-12-17,2017,CAR,1581.230162558661
2017-12-17,2017,TEN,1490.332326185593
2017-12-17,2017,MIN,1625.8266230289792
2017-12-17,2017,CLE,1214.587524595484
2017-12-17,2017,WAS,1441.942691132966
2017-12-18,2017,ATL,1625.3590310495865
2017-12-18,2017,TB,1425.524262114562
2017-12-23,2017,MIN,1636.4853048559294
2017-12-23,2017,BAL,1569.5402905398787
2017-12-23,2017,GB,1494.938722441614
2017-12-23,2017,IND,1336.6516569990722
2017-12-24,2017,ATL,1632.9949799319995
2017-12-24,2017,CAR,1594.3300296610394
2017-12-24,2017,DAL,1559.9216330343904
2017-12-24,2017,ARI,1433.1000927760683
2017-12-24,2017,KC,1589.1297875044975
2017-12-24,2017,TEN,1475.3594731983037
2017-12-24,2017,NYJ,1414.0965493900303
2017-12-24,2017,SF,1350.9182841541906
2017-12-24,2017,CIN,1398.7567175760091
2017-12-24,2017,WAS,1457.447109106999
2017-12-24,2017,CHI,1405.2742527718485
2017-12-24,2017,NE,1718.5754752172568
2017-12-24,2017,NO,1635.662960630054
2017-12-24,2017,BUF,1503.5892304819258
2017-12-24,2017,CLE,1206.876257767482
2017-12-24,2017,DEN,1446.672842002667
2017-12-24,2017,DET,1532.386026761973
2017-12-24,2017,JAX,1565.3849245459419
2017-12-24,2017,LAC,1526.2772622323705
2017-12-24,2017,TB,1417.888313232149
2017-12-24,2017,SEA,1549.4441412623903
2017-12-24,2017,LA,1606.8526166900554
2017-12-24,2017,MIA,1447.3387256981346
2017-12-24,2017,NYG,1351.0887742342625
2017-12-25,2017,HOU,1374.2558313584661
2017-12-25,2017,PIT,1643.6244339099514
2017-12-25,2017,LV,1460.1274239418292
2017-12-25,2017,PHI,1665.0098760912197
2017-12-31,2017,NYG,1331.8139979804453
2017-12-31,2017,NE,1728.5352626906545
2017-12-31,2017,TB,1412.4661058533131
2017-12-31,2017,LAC,1542.7917170267156
2017-12-31,2017,TEN,1463.5097185696661
2017-12-31,2017,DEN,1423.7020176632407
2017-12-31,2017,LA,1618.702371318693
2017-12-31,2017,DET,1502.639578997585
2017-12-31,2017,PHI,1672.8214694752455
2017-12-31,2017,PIT,1656.9955689242556
2017-12-31,2017,BAL,1575.6487196077042
2017-12-31,2017,MIN,1656.5164469235376
2017-12-31,2017,DAL,1532.3228528808547
2017-12-31,2017,MIA,1434.2380643192905
2017-12-31,2017,SEA,1577.042921415926
2017-12-31,2017,IND,1330.5432279312467
2017-12-31,2017,GB,1474.9075803740056
2017-12-31,2017,ATL,1612.950049210595
2017-12-31,2017,ARI,1452.3748690298855
2017-12-31,2017,NYJ,1397.5820945956852
2017-12-31,2017,CIN,1428.5031653403971
2017-12-31,2017,KC,1602.2304488833415
2017-12-31,2017,BUF,1493.6294430085281
2017-12-31,2017,CHI,1415.4069654375132
2017-12-31,2017,SF,1389.7792357561834
2017-12-31,2017,LV,1452.3158305578033
2017-12-31,2017,NO,1655.7078913514586
2017-12-31,2017,JAX,1526.523972943949
2017-12-31,2017,WAS,1480.4179334464254
2017-12-31,2017,CLE,1196.7435451018173
2017-12-31,2017,CAR,1599.7522370398751
2017-12-31,2017,HOU,1360.884696344162
2018-01-06,2017,TEN,1482.329570591385
2018-01-06,2017,ATL,1633.5545945534877
2018-01-06,2017,LA,1559.9179462666696
2018-01-06,2017,KC,1610.6194292586292
2018-01-07,2017,CAR,1579.1476916969823
2018-01-07,2017,NO,1621.263499134346
2018-01-07,2017,JAX,1507.7041209222302
2018-01-07,2017,BUF,1512.353814090564
2018-01-13,2017,TEN,1493.3907645305067
2018-01-13,2017,ATL,1657.7197838281095
2018-01-13,2017,NE,1733.803885818553
2018-01-13,2017,PHI,1641.0058603596285
2018-01-14,2017,JAX,1525.5654010502965
2018-01-14,2017,MIN,1663.9428810356435
2018-01-14,2017,PIT,1658.3263958132738
2018-01-14,2017,NO,1634.1090441398226
2018-01-21,2017,PHI,1657.0856780733227
2018-01-21,2017,NE,1742.5340274299276
2018-01-21,2017,MIN,1677.4349984413798
2018-01-21,2017,JAX,1547.887671497411
2018-02-04,2017,NE,1748.2837616585116
2018-02-04,2017,PHI,1688.5946180897304
2018-09-06,2018,PHI,1645.75855405998
2018-09-06,2018,ATL,1594.426644076277
2018-09-09,2018,BAL,1532.6629919621457
2018-09-09,2018,WAS,1467.2705759651592
2018-09-09,2018,SEA,1539.7601355395934
2018-09-09,2018,PIT,1590.669416910773
2018-09-09,2018,KC,1566.3721568796716
2018-09-09,2018,JAX,1528.091958179218
2018-09-09,2018,HOU,1392.801448330549
2018-09-09,2018,SF,1465.7091072054711
2018-09-09,2018,DAL,1542.7589746643146
2018-09-09,2018,CIN,1470.1049313365886
2018-09-09,2018,CHI,1438.6536875502716
2018-09-09,2018,BUF,1496.3283559749984
2018-09-09,2018,MIN,1597.2840389499813
2018-09-09,2018,DEN,1443.5420248586354
2018-09-09,2018,IND,1401.4838345197234
2018-09-09,2018,CAR,1544.2014311276705
2018-09-09,2018,NE,1645.4936991055147
2018-09-09,2018,NYG,1407.5507116527547
2018-09-09,2018,GB,1466.9782742305786
2018-09-09,2018,CLE,1296.941812141866
2018-09-09,2018,LAC,1540.3910803805472
2018-09-09,2018,TB,1464.6069987136173
2018-09-09,2018,TEN,1489.7737486127546
2018-09-09,2018,ARI,1479.8517247576144
2018-09-09,2018,MIA,1443.675795491503
2018-09-09,2018,NO,1580.411284489391
2018-09-10,2018,LV,1456.3472846757988
2018-09-10,2018,DET,1518.053165350482
2018-09-10,2018,NYJ,1428.2089809785246
2018-09-10,2018,LA,1523.835171328032
2018-09-13,2018,BAL,1560.5960446991003
2018-09-13,2018,CIN,1493.2638049166312
2018-09-16,2018,ARI,1444.346933499737
2018-09-16,2018,MIA,1464.3385080794815
2018-09-16,2018,HOU,1387.2960656528317
2018-09-16,2018,NYG,1393.7749429155424
2018-09-16,2018,KC,1592.1265229504054
2018-09-16,2018,LV,1427.8603053545353
2018-09-16,2018,PHI,1659.1944361905983
2018-09-16,2018,NE,1650.999081783232
2018-09-16,2018,MIN,1607.9434295090655
2018-09-16,2018,IND,1378.3249609396808
2018-09-16,2018,DET,1467.1339309460002
2018-09-16,2018,CAR,1562.653133208729
2018-09-16,2018,LAC,1514.6367143098134
2018-09-16,2018,CLE,1296.941812141866
2018-09-16,2018,LA,1552.3221506492955
2018-09-16,2018,DEN,1459.670134986917
2018-09-16,2018,TB,1498.77772028008
2018-09-16,2018,NO,1546.2405629229281
2018-09-16,2018,SF,1455.049716646387
2018-09-16,2018,JAX,1541.8677269164302
2018-09-16,2018,ATL,1580.9907619456587
2018-09-16,2018,NYJ,1479.1282153830064
2018-09-16,2018,DAL,1524.307272583256
2018-09-16,2018,TEN,1469.1110360247762
2018-09-16,2018,PIT,1590.669416910773
2018-09-16,2018,BUF,1468.3953032380439
2018-09-16,2018,GB,1472.2289122711625
2018-09-16,2018,WAS,1502.7753672230367
2018-09-17,2018,CHI,1433.4030495096877
2018-09-17,2018,SEA,1523.6320254113118
2018-09-20,2018,NYJ,1452.4668091313474
2018-09-20,2018,CLE,1293.2051608966688
2018-09-23,2018,ATL,1597.3685040219416
2018-09-23,2018,IND,1418.9372769068166
2018-09-23,2018,DEN,1464.8489256020232
2018-09-23,2018,BUF,1443.4004813119038
2018-09-23,2018,KC,1612.8689485734874
2018-09-23,2018,DAL,1534.444428004012
2018-09-23,2018,CIN,1519.7266535009303
2018-09-23,2018,GB,1472.2289122711625
2018-09-23,2018,NE,1620.9884805636425
2018-09-23,2018,CHI,1457.1687261055908
2018-09-23,2018,ARI,1425.1250188833342
2018-09-23,2018,JAX,1571.8783281360197
2018-09-23,2018,MIA,1490.9999143311404
2018-09-23,2018,SEA,1499.8663488154086
2018-09-23,2018,BAL,1534.1331961148012
2018-09-23,2018,HOU,1378.8810813572927
2018-09-23,2018,PHI,1632.274444495434
2018-09-23,2018,LA,1571.5440652656982
2018-09-23,2018,DET,1454.898715765178
2018-09-23,2018,SF,1467.2849318272092
2018-09-23,2018,WAS,1462.1630512559009
2018-09-23,2018,NO,1549.9772141681253
2018-09-23,2018,TEN,1477.5260203203152
2018-09-23,2018,NYG,1383.6377874947864
2018-09-23,2018,MIN,1607.9434295090655
2018-09-23,2018,LAC,1539.6315362359535
2018-09-23,2018,CAR,1546.2753911324462
2018-09-23,2018,LV,1422.681514739429
2018-09-24,2018,TB,1525.6977119752444
2018-09-24,2018,PIT,1569.926991287691
2018-09-27,2018,LA,1590.700061782375
2018-09-27,2018,MIN,1555.0674400674523
2018-09-30,2018,NO,1575.766884385242
2018-09-30,2018,PHI,1637.5042604613052
2018-09-30,2018,JAX,1551.3018593452641
2018-09-30,2018,SF,1455.9995845597653
2018-09-30,2018,TB,1511.6602599664254
2018-09-30,2018,NYG,1404.1777713333993
2018-09-30,2018,PIT,1583.96444329651
2018-09-30,2018,NE,1581.247839795736
2018-09-30,2018,SEA,1523.6110749424422
2018-09-30,2018,IND,1413.7074609409453
2018-09-30,2018,NYJ,1430.2648317848493
2018-09-30,2018,DAL,1510.6997018769785
2018-09-30,2018,MIA,1505.131907281187
2018-09-30,2018,LV,1408.5495217893824
2018-09-30,2018,CHI,1468.7429886797956
2018-09-30,2018,LAC,1520.4755397192766
2018-09-30,2018,ATL,1571.5788338048249
2018-09-30,2018,BAL,1551.0375329768808
2018-09-30,2018,BUF,1496.276470753517
2018-09-30,2018,ARI,1413.5507563091294
2018-09-30,2018,CIN,1501.435119671274
2018-09-30,2018,CLE,1315.4071382431669
2018-09-30,2018,DET,1494.6393565330845
2018-09-30,2018,HOU,1358.3410975186798
2018-09-30,2018,TEN,1498.1024891110708
2018-09-30,2018,GB,1448.5025620798503
2018-10-01,2018,KC,1624.1542958409314
2018-10-01,2018,DEN,1447.9445887399436
2018-10-04,2018,IND,1394.9566483981528
2018-10-04,2018,NE,1602.8090925464949
2018-10-07,2018,ARI,1402.451172909301
2018-10-07,2018,SF,1448.8179355734094
2018-10-07,2018,PIT,1551.242586853445
2018-10-07,2018,CLE,1307.3990176336401
2018-10-07,2018,HOU,1377.0919100614724
2018-10-07,2018,NYJ,1415.0044576553958
2018-10-07,2018,DET,1485.9103869142486
2018-10-07,2018,KC,1633.991929261946
2018-10-07,2018,SEA,1534.7106583422706
2018-10-07,2018,CIN,1511.15895636635
2018-10-07,2018,PHI,1619.320728051814
2018-10-07,2018,CAR,1564.5669249621026
2018-10-07,2018,ATL,1561.8549971097489
2018-10-07,2018,BAL,1583.7593894199458
2018-10-07,2018,LAC,1527.6571887056325
2018-10-07,2018,TEN,1516.286021520562
2018-10-07,2018,LV,1416.5576423989091
2018-10-07,2018,NYG,1386.8897120859242
2018-10-07,2018,MIN,1539.7657349259196
2018-10-07,2018,MIA,1483.570654530428
2018-10-07,2018,LA,1606.0017669239078
2018-10-07,2018,JAX,1566.5622334747177
2018-10-07,2018,GB,1479.8338803467832
2018-10-07,2018,DEN,1438.1069553189288
2018-10-07,2018,DAL,1519.4286714958143
2018-10-07,2018,BUF,1464.9451524865842
2018-10-08,2018,NO,1593.0549436327171
2018-10-08,2018,WAS,1485.889401447213
2018-10-11,2018,PHI,1603.559351624671
2018-10-11,2018,NYG,1382.6188166660033
2018-10-14,2018,ARI,1434.1470284825832
2018-10-14,2018,ATL,1533.5969933940492
2018-10-14,2018,LV,1401.4549573502147
2018-10-14,2018,CIN,1529.37590974483
2018-10-14,2018,DEN,1411.0748919409093
2018-10-14,2018,CLE,1331.785960261068
2018-10-14,2018,NE,1611.8585946458763
2018-10-14,2018,DAL,1501.1057814235298
2018-10-14,2018,NYJ,1442.0365210334153
2018-10-14,2018,MIA,1465.353701151948
2018-10-14,2018,WAS,1468.4229267866845
2018-10-14,2018,HOU,1395.414800133757
2018-10-14,2018,TEN,1509.277256816149
2018-10-14,2018,MIN,1555.5271113530625
2018-10-14,2018,JAX,1548.2709946438374
2018-10-14,2018,SEA,1524.5672994988422
2018-10-14,2018,PIT,1579.5005905691446
2018-10-14,2018,LA,1616.1451257673361
2018-10-14,2018,LAC,1542.759873754327
2018-10-14,2018,KC,1652.2831680928264
2018-10-14,2018,IND,1385.9071462987713
2018-10-14,2018,CHI,1504.7594810487724
2018-10-14,2018,CAR,1568.8378203820234
2018-10-14,2018,BUF,1471.9539171909971
2018-10-14,2018,BAL,1559.3724467925178
2018-10-14,2018,TB,1475.6437675974487
2018-10-15,2018,GB,1461.699885186888
2018-10-15,2018,SF,1417.1220800001272
2018-10-18,2018,DEN,1403.6169096903564
2018-10-18,2018,ARI,1421.9513229689778
2018-10-21,2018,PHI,1619.0242896608852
2018-10-21,2018,KC,1638.768976300961
2018-10-21,2018,TB,1463.6066838877134
2018-10-21,2018,WAS,1491.3416378872853
2018-10-21,2018,MIA,1478.8211885302567
2018-10-21,2018,JAX,1513.1054609440162
2018-10-21,2018,SF,1407.2821237977278
2018-10-21,2018,NYJ,1456.9098597756656
2018-10-21,2018,CHI,1491.2919936704636
2018-10-21,2018,BAL,1590.067237615767
2018-10-21,2018,LAC,1559.6186804352678
2018-10-21,2018,IND,1371.033807556521
2018-10-21,2018,BUF,1449.159538375547
2018-10-21,2018,DET,1504.0443820741439
2018-10-21,2018,TEN,1478.5824659928999
2018-10-21,2018,NO,1610.5214182932457
2018-10-21,2018,NE,1625.3727864377418
2018-10-21,2018,MIN,1567.722816866668
2018-10-21,2018,LA,1623.603108017889
2018-10-21,2018,HOU,1418.209178949207
2018-10-21,2018,DAL,1536.271315123351
2018-10-21,2018,CLE,1314.9271535801272
2018-10-21,2018,CIN,1508.7285977404151
2018-10-21,2018,CAR,1545.9191092814226
2018-10-22,2018,NYG,1367.1538786297892
2018-10-22,2018,ATL,1545.6340771037844
2018-10-25,2018,HOU,1457.4280031458823
2018-10-25,2018,MIA,1452.0684498766418
2018-10-28,2018,GB,1471.5398413892874
2018-10-28,2018,DEN,1447.5362778202061
2018-10-28,2018,IND,1409.5505175591734
2018-10-28,2018,CHI,1476.1395953376646
2018-10-28,2018,PHI,1596.2848367558158
2018-10-28,2018,ARI,1378.031954839128
2018-10-28,2018,LA,1640.986066855374
2018-10-28,2018,SF,1389.8991649602428
2018-10-28,2018,CIN,1491.2190728988946
2018-10-28,2018,NO,1618.0961327680325
2018-10-28,2018,BAL,1582.4925231409802
2018-10-28,2018,WAS,1505.062927030028
2018-10-28,2018,MIN,1592.0290610348518
2018-10-28,2018,NYG,1361.785932047286
2018-10-28,2018,LV,1376.9551539912839
2018-10-28,2018,DET,1530.7971207277587
2018-10-28,2018,CLE,1308.7233308299053
2018-10-28,2018,SEA,1549.067102857773
2018-10-28,2018,KC,1656.2785011424814
2018-10-28,2018,TB,1469.8105066379353
2018-10-28,2018,PIT,1600.1479025735596
2018-10-28,2018,JAX,1473.8866367473408
2018-10-28,2018,CAR,1568.658562186492
2018-10-28,2018,NYJ,1432.6036156074817
2018-10-29,2018,NE,1640.5251847705408
2018-10-29,2018,BUF,1410.6428283728947
2018-11-01,2018,LV,1348.4753210996148
2018-11-01,2018,SF,1377.673564927449
2018-11-04,2018,CAR,1593.2842648684627
2018-11-04,2018,BAL,1557.8668204590094
2018-11-04,2018,MIA,1427.2774602292402
2018-11-04,2018,NO,1643.8435110190485
2018-11-04,2018,SEA,1578.8618765472188
2018-11-04,2018,CLE,1302.76011056619
2018-11-04,2018,DEN,1440.6188130736605
2018-11-04,2018,ATL,1551.0020236862877
2018-11-04,2018,NE,1654.9024904545024
2018-11-04,2018,MIN,1566.2816827838358
2018-11-04,2018,BUF,1396.265522688933
2018-11-04,2018,WAS,1519.6614484664758
2018-11-04,2018,CHI,1495.4428839437353
2018-11-04,2018,DET,1501.002347038313
2018-11-04,2018,TB,1459.021150833389
2018-11-04,2018,LAC,1563.840393198448
2018-11-04,2018,HOU,1482.2189927932839
2018-11-04,2018,NYJ,1413.300327001411
2018-11-04,2018,KC,1663.195965889027
2018-11-04,2018,PIT,1606.111122837275
2018-11-04,2018,LA,1645.4331953871217
2018-11-04,2018,GB,1467.0927128575397
2018-11-05,2018,DAL,1522.5500259806083
2018-11-05,2018,TEN,1474.3607532297196
2018-11-08,2018,PIT,1626.8886092130779
2018-11-08,2018,CAR,1606.2577604898645
2018-11-11,2018,LAC,1590.5192971436168
2018-11-11,2018,DAL,1486.5855576330146
2018-11-11,2018,MIA,1443.9321388692163
2018-11-11,2018,TB,1446.0476552119871
2018-11-11,2018,JAX,1459.034144280197
2018-11-11,2018,PHI,1611.1373292229596
2018-11-11,2018,ATL,1584.9904167112563
2018-11-11,2018,ARI,1390.257554871922
2018-11-11,2018,DET,1482.9391404248936
2018-11-11,2018,NYJ,1396.645648361435
2018-11-11,2018,IND,1438.0303504508424
2018-11-11,2018,CLE,1295.7128699668726
2018-11-11,2018,CIN,1502.008428703441
2018-11-11,2018,TEN,1510.3252215773134
2018-11-11,2018,WAS,1485.6730554415071
2018-11-11,2018,SEA,1552.18297260205
2018-11-11,2018,NO,1664.2086656074644
2018-11-11,2018,NE,1664.9139025419756
2018-11-11,2018,KC,1670.2432064883444
2018-11-11,2018,BUF,1367.0925185658734
2018-11-11,2018,LA,1625.0680407987059
2018-11-11,2018,GB,1457.0813007700665
2018-11-11,2018,LV,1322.3124179022946
2018-11-11,2018,CHI,1524.615888066795
2018-11-12,2018,NYG,1347.1874106108382
2018-11-12,2018,SF,1403.8364681247692
2018-11-15,2018,GB,1481.1508520679429
2018-11-15,2018,SEA,1540.8806242656829
2018-11-18,2018,CAR,1579.2027848102143
2018-11-18,2018,CHI,1543.0372881475419
2018-11-18,2018,CIN,1478.4017564824812
2018-11-18,2018,DAL,1519.5173897574584
2018-11-18,2018,NO,1687.8153378284242
2018-11-18,2018,DEN,1429.397704584149
2018-11-18,2018,HOU,1493.4401012827952
2018-11-18,2018,MIN,1584.3448893972552
2018-11-18,2018,IND,1450.6632689429878
2018-11-18,2018,LAC,1601.3341376902333
2018-11-18,2018,PHI,1578.2054970985157
2018-11-18,2018,NYG,1369.0268692489442
2018-11-18,2018,JAX,1446.4012257880518
2018-11-18,2018,ARI,1384.388362475292
2018-11-18,2018,WAS,1512.80289833579
2018-11-18,2018,PIT,1653.943584892728
2018-11-18,2018,LV,1311.497577355678
2018-11-18,2018,ATL,1538.871925053352
2018-11-18,2018,BAL,1537.0893340832065
2018-11-18,2018,DET,1464.5177403441467
2018-11-18,2018,TB,1418.9178123177044
2018-11-18,2018,TEN,1554.217027307911
2018-11-19,2018,KC,1676.1123988849743
2018-11-19,2018,LA,1636.370389135073
2018-11-22,2018,ATL,1521.8329946425354
2018-11-22,2018,CHI,1560.556498508561
2018-11-22,2018,WAS,1499.2995535362297
2018-11-22,2018,DAL,1536.556320168275
2018-11-22,2018,DET,1473.0212578914332
2018-11-22,2018,NO,1707.8742196394942
2018-11-25,2018,NYJ,1352.8337600550865
2018-11-25,2018,LAC,1589.318942868198
2018-11-25,2018,PHI,1558.1466152874457
2018-11-25,2018,CAR,1570.6992672629278
2018-11-25,2018,CIN,1469.1170462292098
2018-11-25,2018,MIN,1566.8256790362361
2018-11-25,2018,BAL,1546.374044336478
2018-11-25,2018,BUF,1410.904406872222
2018-11-25,2018,IND,1490.685629492973
2018-11-25,2018,DEN,1441.4128994061844
2018-11-25,2018,TB,1404.967428759794
2018-11-25,2018,NYG,1382.9772528068545
2018-11-25,2018,ARI,1368.87424093943
2018-11-25,2018,CLE,1341.831361624777
2018-11-25,2018,GB,1471.9064305957916
2018-11-25,2018,JAX,1437.8391971171297
2018-11-25,2018,MIA,1419.8625875713399
2018-11-25,2018,NE,1621.022096811378
2018-11-25,2018,LV,1327.0116988915402
2018-11-25,2018,PIT,1662.50561356365
2018-11-25,2018,SEA,1550.1250457378342
2018-11-25,2018,SF,1381.9970094866633
2018-11-26,2018,HOU,1506.9434460823554
2018-11-26,2018,TEN,1514.1946667579257
2018-11-29,2018,DAL,1552.6199863236916
2018-11-29,2018,NO,1717.9742717941224
2018-12-02,2018,ARI,1357.6468960773905
2018-12-02,2018,SEA,1567.2220844087344
2018-12-02,2018,TEN,1489.1297037360393
2018-12-02,2018,NE,1631.8379210419873
2018-12-02,2018,DET,1454.9084093127803
2018-12-02,2018,PIT,1629.537290347746
2018-12-02,2018,LV,1317.9054273831118
2018-12-02,2018,JAX,1424.9392610639331
2018-12-02,2018,CIN,1424.9623137578205
2018-12-02,2018,HOU,1532.0084091042418
2018-12-02,2018,NYG,1377.5209623247663
2018-12-02,2018,TB,1427.744736170076
2018-12-02,2018,MIA,1411.0406599460946
2018-12-02,2018,ATL,1511.7329424879072
2018-12-02,2018,GB,1459.9882288857546
2018-12-02,2018,IND,1499.5075571182183
2018-12-02,2018,SF,1359.2197020763813
2018-12-02,2018,NYJ,1342.0179358244773
2018-12-02,2018,MIN,1578.7438807462731
2018-12-02,2018,LA,1649.8532848733532
2018-12-02,2018,LAC,1600.5462877302375
2018-12-02,2018,KC,1662.629503146694
2018-12-02,2018,DEN,1474.3812226220884
2018-12-02,2018,CLE,1385.9860940961662
2018-12-02,2018,CHI,1578.6693470872137
2018-12-02,2018,CAR,1553.6022285920276
2018-12-02,2018,BUF,1423.8043429254185
2018-12-02,2018,BAL,1555.4803158449063
2018-12-03,2018,WAS,1483.2358873808132
2018-12-03,2018,PHI,1563.602905769534
2018-12-06,2018,JAX,1446.1395255119328
2018-12-06,2018,TEN,1496.3861349525525
2018-12-09,2018,GB,1439.0436018720823
2018-12-09,2018,KC,1668.2514969819056
2018-12-09,2018,CLE,1373.1456713859945
2018-12-09,2018,LAC,1618.0442729965755
2018-12-09,2018,SF,1348.0929566273846
2018-12-09,2018,ARI,1378.5915230910628
2018-12-09,2018,LV,1312.2834335479004
2018-12-09,2018,DAL,1572.0305614637668
2018-12-09,2018,BUF,1409.5647235304477
2018-12-09,2018,WAS,1466.300060738118
2018-12-09,2018,TB,1454.0536100870104
2018-12-09,2018,MIA,1425.2802793410654
2018-12-09,2018,CHI,1557.5959437697932
2018-12-09,2018,ATL,1487.4134912007128
2018-12-09,2018,HOU,1544.8488318144134
2018-12-09,2018,NYJ,1334.761504607964
2018-12-09,2018,NYG,1398.5943656421869
2018-12-09,2018,NO,1698.5636966540471
2018-12-09,2018,NE,1650.4008487849853
2018-12-09,2018,LA,1665.099353809833
2018-12-09,2018,PIT,1612.039305081408
2018-12-09,2018,PHI,1580.5387324122291
2018-12-09,2018,DET,1439.6623403763006
2018-12-09,2018,DEN,1501.3337466245027
2018-12-09,2018,CIN,1398.0097897554062
2018-12-09,2018,BAL,1579.7997671321007
2018-12-09,2018,IND,1478.3072926702187
2018-12-09,2018,CAR,1527.2933546750933
2018-12-10,2018,MIN,1560.1809530032751
2018-12-10,2018,SEA,1578.348829857731
2018-12-13,2018,KC,1676.426541197129
2018-12-13,2018,LAC,1623.6698148479427
2018-12-15,2018,NYJ,1357.5933785950776
2018-12-15,2018,CLE,1399.6503758262281
2018-12-15,2018,DEN,1474.88921443329
2018-12-15,2018,HOU,1525.5705657343926
2018-12-16,2018,JAX,1424.7014544369251
2018-12-16,2018,NYG,1443.484319234626
2018-12-16,2018,CHI,1585.27585675334
2018-12-16,2018,BAL,1571.6247229168773
2018-12-16,2018,WAS,1421.410107145679
2018-12-16,2018,SF,1374.5374888185975
2018-12-16,2018,BUF,1386.7328495433342
2018-12-16,2018,LA,1637.4194408262863
2018-12-16,2018,CIN,1392.384247904039
2018-12-16,2018,IND,1497.5855587502394
2018-12-16,2018,TEN,1517.8242060275602
2018-12-16,2018,TB,1441.924982719853
2018-12-16,2018,SEA,1599.6914985170586
2018-12-16,2018,PHI,1563.586314431441
2018-12-16,2018,LV,1337.6396718619749
2018-12-16,2018,NE,1639.3210504872718
2018-12-16,2018,ATL,1460.2995998655615
2018-12-16,2018,ARI,1352.6832601037552
2018-12-16,2018,PIT,1586.6830667673335
2018-12-16,2018,DAL,1588.982979444555
2018-12-16,2018,DET,1465.5706033636081
2018-12-16,2018,GB,1466.1574932072335
2018-12-16,2018,MIA,1436.3600776387789
2018-12-16,2018,MIN,1538.8382843439476
2018-12-17,2018,NO,1710.6923240212045
2018-12-17,2018,CAR,1500.7886502348597
2018-12-22,2018,LAC,1632.983454453104
2018-12-22,2018,TEN,1544.224769701205
2018-12-22,2018,BAL,1582.3776788389946
2018-12-22,2018,WAS,1437.6842957150036
2018-12-23,2018,TB,1431.1720267977357
2018-12-23,2018,SF,1396.6985825697968
2018-12-23,2018,NYJ,1344.425409276835
2018-12-23,2018,CIN,1410.8209595255512
2018-12-23,2018,ATL,1478.1473575839302
2018-12-23,2018,CAR,1493.4924597116637
2018-12-23,2018,HOU,1538.7385350526354
2018-12-23,2018,NE,1618.2045456760104
2018-12-23,2018,LA,1607.9881871257169
2018-12-23,2018,MIN,1556.6765457452116
2018-12-23,2018,NYG,1417.083755560981
2018-12-23,2018,PIT,1607.7995715785949
2018-12-23,2018,GB,1455.4709668223402
2018-12-23,2018,PHI,1593.0175681320104
2018-12-23,2018,BUF,1394.3851999600147
2018-12-23,2018,CLE,1409.4937336083408
2018-12-23,2018,JAX,1408.4272658676005
2018-12-23,2018,KC,1667.1129015919676
2018-12-23,2018,CHI,1595.9623831382332
2018-12-23,2018,DAL,1552.5343304398666
2018-12-23,2018,NO,1717.9885145444005
2018-12-23,2018,IND,1534.0342077549278
2018-12-23,2018,DET,1457.9182529469276
2018-12-23,2018,ARI,1334.8355023853865
2018-12-23,2018,SEA,1577.5304047658592
2018-12-23,2018,MIA,1418.521816237515
2018-12-24,2018,LV,1319.2029602404627
2018-12-24,2018,DEN,1465.0458566511772
2018-12-30,2018,CIN,1392.1782320799894
2018-12-30,2018,CHI,1605.8570093047967
2018-12-30,2018,CAR,1460.5809519922318
2018-12-30,2018,DAL,1563.1112442739254
2018-12-30,2018,ATL,1511.058865303362
2018-12-30,2018,CLE,1428.1364610539026
2018-12-30,2018,ARI,1322.6145694684112
2018-12-30,2018,PHI,1600.5114669916898
2018-12-30,2018,IND,1537.6319313898389
2018-12-30,2018,LV,1354.4004463327772
2018-12-30,2018,NYJ,1328.9038990252782
2018-12-30,2018,MIA,1389.8121833768832
2018-12-30,2018,LAC,1598.7074479583946
2018-12-30,2018,WAS,1425.1546088662049
2018-12-30,2018,KC,1643.3932128820493
2018-12-30,2018,NE,1626.1020028229948
2018-12-30,2018,BUF,1386.4877428130303
2018-12-30,2018,DEN,1429.8483705588628
2018-12-30,2018,HOU,1531.244636192956
2018-12-30,2018,TEN,1556.7544565500039
2018-12-30,2018,NYG,1413.48603192607
2018-12-30,2018,BAL,1616.653685333704
2018-12-30,2018,PIT,1600.379251036672
2018-12-30,2018,MIN,1581.2819343225567
2018-12-30,2018,NO,1725.4088350863233
2018-12-30,2018,TB,1420.595112963677
2018-12-30,2018,SEA,1601.2500934757775
2018-12-30,2018,SF,1386.8039564032333
2018-12-30,2018,JAX,1437.1368987282322
2018-12-30,2018,DET,1433.3128643695825
2018-12-30,2018,LA,1620.2091200426921
2018-12-30,2018,GB,1470.992477073897
2019-01-05,2018,SEA,1604.4454335449725
2019-01-05,2018,DAL,1567.8521643328484
2019-01-05,2018,HOU,1547.8702153858774
2019-01-05,2018,IND,1572.4323388899481
2019-01-06,2018,LAC,1615.7916189837458
2019-01-06,2018,BAL,1620.7008392657567
2019-01-06,2018,CHI,1635.0716494482265
2019-01-06,2018,PHI,1620.2593762288461
2019-01-12,2018,LA,1628.5094236211787
2019-01-12,2018,KC,1651.0134095020314
2019-01-12,2018,DAL,1578.4229209664516
2019-01-12,2018,IND,1601.648168606019
2019-01-13,2018,NE,1633.570802559031
2019-01-13,2018,NO,1665.4635550254914
2019-01-13,2018,PHI,1628.670650885688
2019-01-13,2018,LAC,1638.7433331770371
2019-01-20,2018,NO,1679.7163528550248
2019-01-20,2018,KC,1671.508686261409
2019-01-20,2018,NE,1656.282526784741
2019-01-20,2018,LA,1643.7583989960933
2019-02-03,2018,NE,1679.9236323930338
2019-02-03,2018,LA,1661.5880364696973
2019-09-05,2019,CHI,1584.4402498609231
2019-09-05,2019,GB,1450.8090868900001
2019-09-08,2019,BAL,1565.1660833816436
2019-09-08,2019,BUF,1442.891094498989
2019-09-08,2019,ATL,1513.6841131430942
2019-09-08,2019,PHI,1576.278568704103
2019-09-08,2019,CLE,1449.3928714145666
2019-09-08,2019,TB,1440.751872368265
2019-09-08,2019,NE,1637.5337564937577
2019-09-08,2019,DAL,1542.1159637276912
2019-09-08,2019,CAR,1513.6841547020424
2019-09-08,2019,JAX,1447.007546356874
2019-09-08,2019,LAC,1577.3544059675514
2019-09-08,2019,ARI,1379.6128195994775
2019-09-08,2019,SEA,1562.5831179409129
2019-09-08,2019,NYJ,1380.9567328594947
2019-09-08,2019,MIN,1534.7115294527514
2019-09-08,2019,MIA,1407.9755229609532
2019-09-08,2019,NYG,1439.1634079114312
2019-09-08,2019,WAS,1436.937799752699
2019-09-08,2019,TEN,1514.6360326999297
2019-09-08,2019,SF,1419.0024352164978
2019-09-08,2019,PIT,1570.0024153439674
2019-09-08,2019,LA,1590.1406894147296
2019-09-08,2019,KC,1598.5783871020774
2019-09-08,2019,IND,1554.101927897761
2019-09-08,2019,DET,1485.3944740723193
2019-09-08,2019,CIN,1425.0359067338068
2019-09-09,2019,HOU,1512.4362571132044
2019-09-09,2019,DEN,1441.8427996890077
2019-09-09,2019,LV,1397.85349980853
2019-09-09,2019,NO,1607.9244769209472
2019-09-12,2019,CAR,1501.1166739593225
2019-09-12,2019,TB,1407.2443692128072
2019-09-15,2019,BAL,1591.0943016551578
2019-09-15,2019,NYG,1422.8806457255662
2019-09-15,2019,DEN,1420.1637061401887
2019-09-15,2019,WAS,1428.5563658993644
2019-09-15,2019,TEN,1547.019208530086
2019-09-15,2019,HOU,1506.1554681538787
2019-09-15,2019,ARI,1379.6128195994775
2019-09-15,2019,LV,1419.532593357349
2019-09-15,2019,DET,1485.3944740723193
2019-09-15,2019,GB,1484.3506773430395
2019-09-15,2019,MIA,1382.047304687439
2019-09-15,2019,LA,1602.7081701574496
2019-09-15,2019,ATL,1491.600892930954
2019-09-15,2019,CIN,1421.7660257833177
2019-09-15,2019,BUF,1449.502841967625
2019-09-15,2019,KC,1616.9520977360135
2019-09-15,2019,CHI,1550.8986594078838
2019-09-15,2019,DAL,1558.3987259135563
2019-09-15,2019,IND,1539.0654913586677
2019-09-15,2019,JAX,1428.6338357229379
2019-09-15,2019,LAC,1592.3908425066447
2019-09-15,2019,MIN,1556.7947496648917
2019-09-15,2019,NE,1659.694057301954
2019-09-15,2019,NO,1614.205265880273
2019-09-15,2019,PHI,1584.6600025574376
2019-09-15,2019,SEA,1565.852998891402
2019-09-15,2019,SF,1452.5099383719555
2019-09-15,2019,PIT,1547.842114535771
2019-09-16,2019,CLE,1417.0096955844103
2019-09-16,2019,NYJ,1374.3449853908587
2019-09-19,2019,JAX,1424.3475725600285
2019-09-19,2019,TEN,1533.9464484765124
2019-09-22,2019,MIN,1537.4031672422866
2019-09-22,2019,NE,1674.1192369806515
2019-09-22,2019,TB,1436.095939875963
2019-09-22,2019,SEA,1577.9499462319072
2019-09-22,2019,DAL,1576.1702556069981
2019-09-22,2019,BAL,1597.4777411895323
2019-09-22,2019,LAC,1575.7500167782155
2019-09-22,2019,PHI,1566.1100292775768
2019-09-22,2019,GB,1503.7422597656446
2019-09-22,2019,BUF,1478.5295728847746
2019-09-22,2019,ARI,1373.229380065103
2019-09-22,2019,SF,1486.5632055779845
2019-09-22,2019,CLE,1447.9975557667572
2019-09-22,2019,PIT,1535.7451671952658
2019-09-22,2019,KC,1633.3469702288278
2019-09-22,2019,LV,1403.1377208645347
2019-09-22,2019,NYJ,1343.357125208512
2019-09-22,2019,NYG,1393.8539148084167
2019-09-22,2019,NO,1588.2733514127126
2019-09-22,2019,MIA,1367.6221250087415
2019-09-22,2019,LA,1628.6400846250099
2019-09-22,2019,HOU,1510.441731316788
2019-09-22,2019,DET,1502.0352998007486
2019-09-22,2019,DEN,1412.0504715305049
2019-09-22,2019,CIN,1387.7127585772887
2019-09-22,2019,ATL,1510.1508662108147
2019-09-22,2019,CAR,1472.2651032961667
2019-09-22,2019,IND,1552.1382514122413
2019-09-23,2019,WAS,1410.7848362059226
2019-09-23,2019,CHI,1559.0118940175676
2019-09-26,2019,PHI,1546.9479573408953
2019-09-26,2019,GB,1518.1887723419873
2019-09-29,2019,NYG,1402.9181325675931
2019-09-29,2019,BAL,1584.305425730169
2019-09-29,2019,CAR,1496.8449669714937
2019-09-29,2019,CLE,1435.5292213157884
2019-09-29,2019,DAL,1587.0193518794122
2019-09-29,2019,JAX,1456.2622621736962
2019-09-29,2019,KC,1646.519285688191
2019-09-29,2019,LAC,1546.9197256925893
2019-09-29,2019,MIN,1551.9884460075712
2019-09-29,2019,LV,1388.5524420992501
2019-09-29,2019,SEA,1556.0132121740317
2019-09-29,2019,TB,1427.0317221167866
2019-09-29,2019,TEN,1502.0317588628448
2019-09-29,2019,WAS,1391.2943841522333
2019-09-29,2019,HOU,1539.2720224024142
2019-09-29,2019,NE,1679.0273954686963
2019-09-29,2019,ATL,1500.20703221546
2019-09-29,2019,LA,1641.1084190759786
2019-09-29,2019,ARI,1348.649516389776
2019-09-29,2019,IND,1562.082085407596
2019-09-29,2019,BUF,1487.9224716304768
2019-09-29,2019,CHI,1578.5023460712569
2019-09-29,2019,MIA,1356.7730287363274
2019-09-29,2019,DET,1521.19737173743
2019-09-29,2019,DEN,1397.6039589541622
2019-09-29,2019,NO,1610.2100854705882
2019-09-30,2019,PIT,1519.5873549942983
2019-09-30,2019,CIN,1378.3198598315864
2019-10-03,2019,SEA,1571.402135226223
2019-10-03,2019,LA,1589.5605688971352
2019-10-06,2019,JAX,1466.8601254713121
2019-10-06,2019,ATL,1468.891208500759
2019-10-06,2019,CIN,1363.3990242864538
2019-10-06,2019,HOU,1513.81320568482
2019-10-06,2019,PIT,1534.5081905394309
2019-10-06,2019,TEN,1533.3475825775458
2019-10-06,2019,LV,1424.6996309683277
2019-10-06,2019,LAC,1564.428972091399
2019-10-06,2019,DAL,1578.528110519061
2019-10-06,2019,KC,1658.6630324842397
2019-10-06,2019,CAR,1522.3037836890878
2019-10-06,2019,NYG,1427.898448397934
2019-10-06,2019,WAS,1366.3140683218924
2019-10-06,2019,PHI,1569.0864005761316
2019-10-06,2019,ARI,1333.2605933375846
2019-10-06,2019,NO,1618.7013268309393
2019-10-06,2019,TB,1478.57957229563
2019-10-06,2019,NYJ,1338.448966720467
2019-10-06,2019,NE,1690.1711055949434
2019-10-06,2019,MIN,1533.6944102216235
2019-10-06,2019,IND,1525.9348965385184
2019-10-06,2019,GB,1496.050329106751
2019-10-06,2019,DEN,1387.0060956565462
2019-10-06,2019,CHI,1596.7963818572046
2019-10-06,2019,BUF,1476.7787615042298
2019-10-06,2019,BAL,1538.2450369481066
2019-10-07,2019,CLE,1481.5896100978507
2019-10-07,2019,SF,1502.721017778952
2019-10-10,2019,NYG,1403.9369414986252
2019-10-10,2019,NE,1700.1091385890327
2019-10-13,2019,DAL,1543.8904354671374
2019-10-13,2019,CAR,1536.4199199915518
2019-10-13,2019,CIN,1345.846396939876
2019-10-13,2019,WAS,1356.376035327803
2019-10-13,2019,HOU,1535.722835470791
2019-10-13,2019,NO,1628.3927047610287
2019-10-13,2019,PHI,1578.7698885099605
2019-10-13,2019,PIT,1518.5678944121278
2019-10-13,2019,SEA,1577.6549014672253
2019-10-13,2019,ATL,1446.981578714788
2019-10-13,2019,SF,1528.956496564319
2019-10-13,2019,TEN,1505.1360455068275
2019-10-13,2019,ARI,1350.8132206841624
2019-10-13,2019,TB,1468.8881943655406
2019-10-13,2019,BAL,1554.1853330754097
2019-10-13,2019,NYJ,1328.7654787866381
2019-10-13,2019,KC,1627.3318216343946
2019-10-13,2019,JAX,1452.7439891688482
2019-10-13,2019,MIN,1557.6559171209324
2019-10-13,2019,LAC,1528.0343855195022
2019-10-13,2019,CLE,1455.3541313124838
2019-10-13,2019,LA,1583.307802656133
2019-10-13,2019,DEN,1423.400682228443
2019-10-13,2019,MIA,1339.2637823375178
2019-10-14,2019,GB,1530.6880041586746
2019-10-14,2019,DET,1509.0536249413815
2019-10-17,2019,KC,1596.6575593251623
2019-10-17,2019,DEN,1454.959126503762
2019-10-20,2019,BAL,1560.6719028380019
2019-10-20,2019,HOU,1566.3970977800234
2019-10-20,2019,JAX,1440.0026183646028
2019-10-20,2019,LAC,1503.1823987608354
2019-10-20,2019,LA,1547.703747520042
2019-10-20,2019,MIA,1331.610251906023
2019-10-20,2019,MIN,1584.4982749993944
2019-10-20,2019,NO,1641.134075565274
2019-10-20,2019,LV,1444.426525997818
2019-10-20,2019,PHI,1551.9275306314985
2019-10-20,2019,SF,1564.5605517004099
2019-10-20,2019,CHI,1577.0694868277142
2019-10-20,2019,ARI,1358.8760937735326
2019-10-20,2019,NYG,1397.4584197848214
2019-10-20,2019,SEA,1589.9439100680436
2019-10-20,2019,IND,1557.2661073883635
2019-10-20,2019,CIN,1339.359827177284
2019-10-20,2019,TEN,1473.5776012315084
2019-10-20,2019,WAS,1364.0295657592978
2019-10-20,2019,DAL,1526.6858562450354
2019-10-20,2019,GB,1536.0779487754194
2019-10-20,2019,ATL,1438.9187056254177
2019-10-20,2019,DET,1503.6636803246367
2019-10-20,2019,BUF,1504.9902985749482
2019-10-21,2019,NYJ,1345.9700580087401
2019-10-21,2019,NE,1706.5876603028364
2019-10-24,2019,WAS,1351.3861075954385
2019-10-24,2019,MIN,1607.3892954118958
2019-10-27,2019,NYG,1372.2561337873813
2019-10-27,2019,NYJ,1337.2072105025748
2019-10-27,2019,LV,1427.3053848656023
2019-10-27,2019,PHI,1521.1039477040479
2019-10-27,2019,LAC,1490.1616252378192
2019-10-27,2019,ARI,1384.0783797709728
2019-10-27,2019,CAR,1559.6671305310585
2019-10-27,2019,CIN,1319.462679575483
2019-10-27,2019,SEA,1555.7364112302416
2019-10-27,2019,GB,1553.1990899076352
2019-10-27,2019,TB,1445.6409838260338
2019-10-27,2019,TEN,1486.5983747545247
2019-10-27,2019,CLE,1443.0651227116655
2019-10-27,2019,NO,1664.6631872890252
2019-10-27,2019,SF,1577.2040098642692
2019-10-27,2019,LA,1574.5139932270065
2019-10-27,2019,NE,1715.3505078090018
2019-10-27,2019,IND,1575.4230336658834
2019-10-27,2019,KC,1619.4013130826982
2019-10-27,2019,CHI,1553.540375103963
2019-10-27,2019,DET,1480.7726599121354
2019-10-27,2019,JAX,1459.8997659664037
2019-10-27,2019,HOU,1548.2401715025035
2019-10-27,2019,BUF,1514.5115229995063
2019-10-27,2019,ATL,1412.1084599184533
2019-10-27,2019,DEN,1432.2153727462262
2019-10-28,2019,PIT,1543.4198811707945
2019-10-28,2019,MIA,1322.0890274814649
2019-10-31,2019,ARI,1376.9268100560382
2019-10-31,2019,SF,1606.1476358553612
2019-11-03,2019,IND,1580.4690220582524
2019-11-03,2019,MIN,1613.6274263301182
2019-11-03,2019,NE,1721.8093058809256
2019-11-03,2019,NYJ,1323.5170692518832
2019-11-03,2019,TB,1434.0484084474444
2019-11-03,2019,TEN,1498.190950133114
2019-11-03,2019,WAS,1345.147976677216
2019-11-03,2019,DET,1490.436116686947
2019-11-03,2019,CLE,1436.6063246397416
2019-11-03,2019,CHI,1543.9757433032357
2019-11-03,2019,GB,1582.092527664204
2019-11-03,2019,KC,1590.5078753261294
2019-11-03,2019,PHI,1554.6728370156818
2019-11-03,2019,DEN,1427.1693843538571
2019-11-03,2019,LV,1420.240227073717
2019-11-03,2019,LAC,1499.7262570385465
2019-11-03,2019,JAX,1473.5899072170953
2019-11-03,2019,HOU,1555.3053292943887
2019-11-03,2019,PIT,1551.6505191031922
2019-11-03,2019,BAL,1594.8794016758038
2019-11-03,2019,MIA,1313.8583895490672
2019-11-03,2019,BUF,1480.9426336878723
2019-11-03,2019,CAR,1530.7235045399666
2019-11-03,2019,SEA,1570.3140167991048
2019-11-04,2019,DAL,1557.509439172486
2019-11-04,2019,NYG,1362.5926770125698
2019-11-07,2019,LV,1442.586742348251
2019-11-07,2019,LAC,1530.669074302747
2019-11-10,2019,BAL,1631.554547614731
2019-11-10,2019,CLE,1420.9438798512306
2019-11-10,2019,CAR,1548.5878539001806
2019-11-10,2019,DET,1468.0896014124128
2019-11-10,2019,KC,1603.2358196005405
2019-11-10,2019,LA,1581.5946356050365
2019-11-10,2019,MIN,1600.899482055707
2019-11-10,2019,BUF,1494.1302915453155
2019-11-10,2019,MIA,1333.0806757668688
2019-11-10,2019,GB,1551.1497104000034
2019-11-10,2019,NO,1671.8147570039598
2019-11-10,2019,CIN,1312.382037197453
2019-11-10,2019,NYG,1345.7248730470992
2019-11-10,2019,CHI,1526.1560916478797
2019-11-10,2019,TEN,1480.3266007729
2019-11-10,2019,PIT,1561.94100562925
2019-11-10,2019,IND,1570.1785355321947
2019-11-10,2019,DAL,1574.3772431379566
2019-11-10,2019,NYJ,1304.2947830340815
2019-11-10,2019,ATL,1397.53085434959
2019-11-10,2019,ARI,1370.2529952071054
2019-11-10,2019,TB,1424.813237786944
2019-11-11,2019,SF,1612.821450704294
2019-11-11,2019,SEA,1579.5491874596053
2019-11-14,2019,PIT,1578.1906135993092
2019-11-14,2019,CLE,1435.9821878039331
2019-11-17,2019,NYJ,1324.6352854143838
2019-11-17,2019,ARI,1360.8077430651747
2019-11-17,2019,MIN,1618.1559862078855
2019-11-17,2019,BUF,1479.091983592613
2019-11-17,2019,WAS,1331.960318819773
2019-11-17,2019,TB,1434.2584899288747
2019-11-17,2019,PHI,1572.4924886710378
2019-11-17,2019,IND,1539.1997262422587
2019-11-17,2019,BAL,1642.7097308908258
2019-11-17,2019,DET,1454.1264492843857
2019-11-17,2019,LV,1455.0619891879714
2019-11-17,2019,LA,1565.3450276349772
2019-11-17,2019,MIA,1364.0594850568048
2019-11-17,2019,CAR,1530.213117400249
2019-11-17,2019,ATL,1456.0989541275153
2019-11-17,2019,SF,1595.1196235171674
2019-11-17,2019,NO,1613.2466572260346
2019-11-17,2019,NE,1685.1341599419984
2019-11-17,2019,JAX,1445.3170204357452
2019-11-17,2019,HOU,1583.5782160757387
2019-11-17,2019,DEN,1442.8318291423682
2019-11-17,2019,DAL,1557.1207389857782
2019-11-17,2019,CIN,1301.2268539213583
2019-11-17,2019,CHI,1540.1192437759069
2019-11-18,2019,KC,1585.8369864289878
2019-11-18,2019,LAC,1518.1938274630265
2019-11-21,2019,HOU,1559.810307751306
2019-11-21,2019,IND,1556.7294163419756
2019-11-24,2019,LV,1464.1409290520726
2019-11-24,2019,DAL,1575.19209999629
2019-11-24,2019,NO,1630.7024862233657
2019-11-24,2019,NE,1701.6193523478103
2019-11-24,2019,BUF,1501.7955768818142
2019-11-24,2019,WAS,1297.629185101403
2019-11-24,2019,SF,1602.111490465681
2019-11-24,2019,TEN,1497.7254339444528
2019-11-24,2019,CLE,1471.7630525658146
2019-11-24,2019,CHI,1521.7325787336604
2019-11-24,2019,CIN,1292.1479140572571
2019-11-24,2019,PHI,1556.007296265226
2019-11-24,2019,ATL,1502.7777113469801
2019-11-24,2019,CAR,1483.5343601807842
2019-11-24,2019,NYJ,1358.9664191327538
2019-11-24,2019,PIT,1542.4097488374277
2019-11-24,2019,DEN,1436.5020963322825
2019-11-24,2019,DET,1436.055088273874
2019-11-24,2019,GB,1569.524446899935
2019-11-24,2019,JAX,1427.7873303360284
2019-11-24,2019,TB,1416.8026609315436
2019-11-24,2019,SEA,1597.2510146467318
2019-11-24,2019,MIA,1341.3558917676035
2019-11-24,2019,NYG,1325.384370666797
2019-11-25,2019,LA,1583.7316926772237
2019-11-25,2019,BAL,1666.4776392152585
2019-11-28,2019,DET,1417.9179160404294
2019-11-28,2019,BUF,1520.6250078869762
2019-11-28,2019,DAL,1567.1950763783045
2019-11-28,2019,CHI,1528.0791132034035
2019-11-28,2019,ATL,1464.3463583244911
2019-11-28,2019,NO,1636.9511588623989
2019-12-01,2019,GB,1544.1909685286116
2019-12-01,2019,CLE,1485.861665456434
2019-12-01,2019,LA,1551.0361618663098
2019-12-01,2019,NYJ,1400.3516497573887
2019-12-01,2019,NE,1709.6163759657957
2019-12-01,2019,CAR,1477.285687541751
2019-12-01,2019,IND,1545.158734401755
2019-12-01,2019,BAL,1699.1731700261723
2019-12-01,2019,MIA,1327.2572788769842
2019-12-01,2019,KC,1605.2833565119672
2019-12-01,2019,CIN,1283.669369423889
2019-12-01,2019,HOU,1571.3809896915266
2019-12-01,2019,ARI,1353.815876116661
2019-12-01,2019,DEN,1417.6726653271205
2019-12-01,2019,JAX,1407.7588062475086
2019-12-01,2019,PIT,1550.8882934707958
2019-12-01,2019,LV,1422.7556984274377
2019-12-01,2019,NYG,1319.0378361970538
2019-12-01,2019,PHI,1533.5388274365969
2019-12-01,2019,SF,1627.4449688370044
2019-12-01,2019,LAC,1498.747457380047
2019-12-01,2019,TEN,1517.7539580329726
2019-12-01,2019,WAS,1315.7663573348475
2019-12-01,2019,TB,1455.2340139540327
2019-12-02,2019,SEA,1619.719483475361
2019-12-02,2019,MIN,1624.4857190179712
2019-12-05,2019,CHI,1540.9603534030834
2019-12-05,2019,DAL,1534.331791784388
2019-12-08,2019,NO,1650.5919858822679
2019-12-08,2019,LA,1569.6066736125533
2019-12-08,2019,ARI,1335.2453643704175
2019-12-08,2019,NYJ,1365.3993731504559
2019-12-08,2019,JAX,1378.8045235871605
2019-12-08,2019,MIN,1606.616775306305
2019-12-08,2019,TB,1484.1882966143808
2019-12-08,2019,HOU,1596.8270232554112
2019-12-08,2019,CLE,1472.2998187345374
2019-12-08,2019,BUF,1553.4882924808926
2019-12-08,2019,NE,1684.170342401911
2019-12-08,2019,ATL,1450.7055313046221
2019-12-08,2019,LV,1409.6020343921666
2019-12-08,2019,SF,1618.6569963215027
2019-12-08,2019,BAL,1707.961142541674
2019-12-08,2019,CAR,1439.905812423866
2019-12-08,2019,CIN,1318.621646030822
2019-12-08,2019,DEN,1433.0830253445624
2019-12-08,2019,DET,1405.0366758407495
2019-12-08,2019,IND,1511.1249561402637
2019-12-08,2019,KC,1618.4370205472383
2019-12-08,2019,LAC,1483.3370973626052
2019-12-08,2019,MIA,1357.166940398567
2019-12-08,2019,PIT,1564.4501401926923
2019-12-08,2019,SEA,1637.588427187027
2019-12-08,2019,WAS,1353.1462324527324
2019-12-08,2019,TEN,1551.787736294464
2019-12-08,2019,GB,1558.6373986173573
2019-12-09,2019,PHI,1503.629165915014
2019-12-09,2019,NYG,1304.591406108308
2019-12-12,2019,NYJ,1371.0736453452905
2019-12-12,2019,BAL,1721.9006780541
2019-12-15,2019,ATL,1475.3871955748905
2019-12-15,2019,BUF,1539.5487569684667
2019-12-15,2019,CHI,1558.0866026698814
2019-12-15,2019,CLE,1481.9002359369756
2019-12-15,2019,DEN,1479.3403854370401
2019-12-15,2019,HOU,1550.5696631629335
2019-12-15,2019,JAX,1349.5022642948984
2019-12-15,2019,LA,1599.841060970752
2019-12-15,2019,MIN,1615.7209433652379
2019-12-15,2019,MIA,1351.4926682037324
2019-12-15,2019,PHI,1510.4289186949568
2019-12-15,2019,TB,1497.088317131868
2019-12-15,2019,SF,1632.6349135743587
2019-12-15,2019,PIT,1573.8187268496295
2019-12-15,2019,GB,1564.6972433906021
2019-12-15,2019,ARI,1325.8767777134804
2019-12-15,2019,KC,1647.2973392403103
2019-12-15,2019,TEN,1573.5849390767362
2019-12-15,2019,LV,1387.8048316098943
2019-12-15,2019,DAL,1517.2055425175902
2019-12-15,2019,NYG,1297.7916533283653
2019-12-15,2019,LAC,1512.6393566548672
2019-12-15,2019,CIN,1309.0212288283838
2019-12-15,2019,WAS,1347.0863876794876
2019-12-15,2019,CAR,1415.2241481535978
2019-12-15,2019,DET,1395.9325077818166
2019-12-15,2019,SEA,1607.3540398288283
2019-12-15,2019,NE,1655.310023708839
2019-12-16,2019,IND,1498.2249356227765
2019-12-16,2019,NO,1636.6140686294118
2019-12-21,2019,TB,1522.6876425856724
2019-12-21,2019,BUF,1566.172727738088
2019-12-21,2019,HOU,1567.782998610563
2019-12-21,2019,LA,1564.3439592020354
2019-12-21,2019,SF,1597.535864994074
2019-12-21,2019,NE,1663.5982684511678
2019-12-22,2019,DAL,1552.7026442863068
2019-12-22,2019,JAX,1370.331313706239
2019-12-22,2019,CAR,1404.1309367121855
2019-12-22,2019,BAL,1726.6875587168756
2019-12-22,2019,ARI,1362.9354806566905
2019-12-22,2019,KC,1659.711415515409
2019-12-22,2019,NO,1652.2713891758942
2019-12-22,2019,NYG,1326.6634600338753
2019-12-22,2019,LV,1366.9757821985538
2019-12-22,2019,PIT,1547.1947560800081
2019-12-22,2019,DET,1370.3331823280123
2019-12-22,2019,CIN,1300.732984086055
2019-12-22,2019,WAS,1331.5998522769146
2019-12-22,2019,PHI,1525.9154540975298
2019-12-22,2019,NYJ,1366.2867646825148
2019-12-22,2019,LAC,1484.6749780659377
2019-12-22,2019,TEN,1556.3716036291066
2019-12-22,2019,CHI,1539.9890712525307
2019-12-22,2019,ATL,1510.4862441551752
2019-12-22,2019,DEN,1466.9263091619414
2019-12-22,2019,MIA,1322.6208614982224
2019-12-22,2019,IND,1482.567615076294
2019-12-22,2019,CLE,1444.8415329937654
2019-12-22,2019,SEA,1618.4472512702405
2019-12-23,2019,MIN,1643.6853219541674
2019-12-23,2019,GB,1582.7947748079528
2019-12-29,2019,NO,1672.5242724073157
2019-12-29,2019,NYJ,1394.554438058839
2019-12-29,2019,LV,1399.443626803683
2019-12-29,2019,PIT,1518.927082703684
2019-12-29,2019,PHI,1546.3507992476214
2019-12-29,2019,MIA,1333.3901283497466
2019-12-29,2019,TEN,1536.1187203976851
2019-12-29,2019,SF,1607.836743897759
2019-12-29,2019,WAS,1308.6463238862436
2019-12-29,2019,LAC,1452.2071334608086
2019-12-29,2019,DAL,1532.2672991362153
2019-12-29,2019,GB,1618.987265405857
2019-12-29,2019,CLE,1434.2643922508203
2019-12-29,2019,CHI,1515.4766025396464
2019-12-29,2019,ATL,1522.4384926665698
2019-12-29,2019,ARI,1416.4401365668068
2019-12-29,2019,DEN,1480.5681260819474
2019-12-29,2019,HOU,1581.7803175795616
2019-12-29,2019,SEA,1564.9425953601242
2019-12-29,2019,BAL,1737.2646994598208
2019-12-29,2019,NYG,1349.6169884245462
2019-12-29,2019,IND,1504.104144073782
2019-12-29,2019,CAR,1382.5944077146976
2019-12-29,2019,BUF,1554.3862691217407
2019-12-29,2019,JAX,1358.3790651948443
2019-12-29,2019,LA,1554.0430802983503
2019-12-29,2019,TB,1508.6903236166738
2019-12-29,2019,MIN,1607.4928313562632
2019-12-29,2019,CIN,1289.9637172345308
2019-12-29,2019,NE,1675.384727067515
2019-12-29,2019,KC,1684.2238842282934
2019-12-29,2019,DET,1356.6913654080063
2020-01-04,2019,BUF,1519.1194354610323
2020-01-04,2019,TEN,1576.9021011175048
2020-01-04,2019,NE,1644.9127139172235
2020-01-04,2019,HOU,1540.996936859742
2020-01-05,2019,PHI,1562.4940065417509
2020-01-05,2019,NO,1685.0606139353517
2020-01-05,2019,MIN,1591.2720301805564
2020-01-05,2019,SEA,1546.7194127228197
2020-01-11,2019,BAL,1746.5903250182039
2020-01-11,2019,SF,1626.0599265350636
2020-01-11,2019,MIN,1620.1181657074414
2020-01-11,2019,TEN,1605.923192845059
2020-01-12,2019,KC,1691.2998156092056
2020-01-12,2019,GB,1624.68587406778
2020-01-12,2019,SEA,1573.455173973399
2020-01-12,2019,HOU,1551.7666383992405
2020-01-19,2019,TEN,1652.2614268639668
2020-01-19,2019,GB,1637.0625476784476
2020-01-19,2019,KC,1705.528469206135
2020-01-19,2019,SF,1649.9266675690903
2020-02-02,2019,SF,1673.174993360658
2020-02-02,2019,KC,1722.54964995459
2020-09-10,2020,KC,1659.8970698667242
2020-09-10,2020,HOU,1525.0253232015407
2020-09-13,2020,LA,1542.5667679974283
2020-09-13,2020,WAS,1365.3096093590789
2020-09-13,2020,BUF,1505.5664892810225
2020-09-13,2020,NE,1577.2610814597795
2020-09-13,2020,CAR,1413.3720441244411
2020-09-13,2020,CIN,1381.2121930006663
2020-09-13,2020,JAX,1431.7584041652442
2020-09-13,2020,MIN,1564.1676164489431
2020-09-13,2020,BAL,1633.5013939995308
2020-09-13,2020,DET,1400.661837830722
2020-09-13,2020,SF,1603.9193590101077
2020-09-13,2020,ATL,1529.431843278053
2020-09-13,2020,ARI,1437.7553765793432
2020-09-13,2020,DAL,1528.632805989227
2020-09-13,2020,GB,1575.8761479245866
2020-09-13,2020,IND,1476.5637353471732
2020-09-13,2020,LAC,1463.4208013865975
2020-09-13,2020,LV,1430.1490184583918
2020-09-13,2020,MIA,1409.241427666692
2020-09-13,2020,NYJ,1453.214181146365
2020-09-13,2020,PHI,1523.8388301941143
2020-09-13,2020,SEA,1540.719000241821
2020-09-13,2020,TB,1491.320700910776
2020-09-13,2020,CLE,1434.9398799895678
2020-09-13,2020,NO,1604.1429856056445
2020-09-13,2020,CHI,1521.1316024769021
2020-09-14,2020,TEN,1590.160164077008
2020-09-14,2020,DEN,1489.8588167986952
2020-09-14,2020,NYG,1388.9825207536112
2020-09-14,2020,PIT,1506.4009714302006
2020-09-17,2020,CIN,1368.9012327135677
2020-09-17,2020,CLE,1422.6923554042103
2020-09-20,2020,NE,1587.0355355399895
2020-09-20,2020,CHI,1533.5090688845844
2020-09-20,2020,SEA,1570.382902184327
2020-09-20,2020,IND,1455.9903941137497
2020-09-20,2020,PHI,1490.8199354904755
2020-09-20,2020,LAC,1475.7317616736962
2020-09-20,2020,TEN,1599.2878707245304
2020-09-20,2020,GB,1601.724863766015
2020-09-20,2020,PIT,1525.062773838402
2020-09-20,2020,TB,1478.1779083889744
2020-09-20,2020,MIA,1399.466973586482
2020-09-20,2020,DAL,1517.5278517495167
2020-09-20,2020,WAS,1398.3285040627177
2020-09-20,2020,SF,1576.3072194450658
2020-09-20,2020,NYJ,1436.72691469581
2020-09-20,2020,ATL,1499.7679413355472
2020-09-20,2020,BAL,1645.7489185848883
2020-09-20,2020,BUF,1522.0537557315777
2020-09-20,2020,CAR,1395.5827199010212
2020-09-20,2020,DEN,1480.7311101511727
2020-09-20,2020,DET,1388.2843714230398
2020-09-20,2020,JAX,1452.3317453986676
2020-09-20,2020,KC,1672.8336249866243
2020-09-20,2020,LA,1553.6717222371387
2020-09-20,2020,MIN,1538.3189006075147
2020-09-20,2020,NYG,1370.3207183454097
2020-09-20,2020,ARI,1465.367516144385
2020-09-20,2020,HOU,1512.0887680816406
2020-09-21,2020,NO,1617.285778127446
2020-09-21,2020,LV,1447.9383426818117
2020-09-24,2020,JAX,1446.0767627101616
2020-09-24,2020,MIA,1388.8936749820157
2020-09-27,2020,DEN,1468.0004266995695
2020-09-27,2020,NYG,1363.6040893861257
2020-09-27,2020,IND,1488.2439779863992
2020-09-27,2020,NE,1570.9592507064453
2020-09-27,2020,BUF,1532.627054336044
2020-09-27,2020,PIT,1537.7934572900053
2020-09-27,2020,NO,1583.386702479405
2020-09-27,2020,ARI,1483.2969764778227
2020-09-27,2020,SEA,1586.459187017871
2020-09-27,2020,PHI,1462.8224411900007
2020-09-27,2020,LAC,1468.0017968713016
2020-09-27,2020,CAR,1379.2000536042265
2020-09-27,2020,CHI,1540.2256978438684
2020-09-27,2020,WAS,1380.39904372928
2020-09-27,2020,TEN,1605.5428534130365
2020-09-27,2020,TB,1494.560574685769
2020-09-27,2020,SF,1597.2917410372702
2020-09-27,2020,NYJ,1415.7423931036055
2020-09-27,2020,LV,1481.8374183298529
2020-09-27,2020,LA,1581.6692165376135
2020-09-27,2020,HOU,1490.9917312622645
2020-09-27,2020,GB,1611.7637966089092
2020-09-27,2020,DET,1378.2454385801457
2020-09-27,2020,DAL,1522.9992873838157
2020-09-27,2020,CIN,1356.6545306286432
2020-09-27,2020,MIN,1506.0653167348653
2020-09-27,2020,CLE,1434.9390574891347
2020-09-27,2020,ATL,1494.2965057012482
2020-09-28,2020,KC,1680.5635897890188
2020-09-28,2020,BAL,1666.8459554042645
2020-10-01,2020,DEN,1436.4337304958774
2020-10-01,2020,NYJ,1394.25260839559
2020-10-04,2020,BUF,1546.538170721726
2020-10-04,2020,LAC,1441.73946071168
2020-10-04,2020,MIN,1500.288561247756
2020-10-04,2020,NO,1561.2213773325452
2020-10-04,2020,NYG,1347.8949919778304
2020-10-04,2020,PHI,1462.8224411900007
2020-10-04,2020,SEA,1600.110771748459
2020-10-04,2020,CLE,1453.3913854833477
2020-10-04,2020,ARI,1462.2280109075011
2020-10-04,2020,BAL,1636.6311548449614
2020-10-04,2020,CAR,1405.462389763848
2020-10-04,2020,LV,1465.1788362913437
2020-10-04,2020,DAL,1509.3477026532278
2020-10-04,2020,CHI,1556.431256491131
2020-10-04,2020,CIN,1356.6545306286432
2020-10-04,2020,TB,1526.1272708894612
2020-10-04,2020,HOU,1476.3648590244584
2020-10-04,2020,DET,1399.3144041504672
2020-10-04,2020,LA,1567.7581001519316
2020-10-04,2020,SF,1613.0008384455655
2020-10-04,2020,MIA,1428.902221232407
2020-10-04,2020,JAX,1406.0682164597702
2020-10-04,2020,IND,1509.7337626944147
2020-10-04,2020,WAS,1361.946715735067
2020-10-05,2020,GB,1633.9291217557688
2020-10-05,2020,NE,1587.6178327449545
2020-10-05,2020,KC,1710.7783903483219
2020-10-05,2020,ATL,1478.0909470539855
2020-10-08,2020,TB,1538.609442323972
2020-10-08,2020,CHI,1527.3630282328654
2020-10-11,2020,NYJ,1370.7790685867983
2020-10-11,2020,CIN,1378.730364694964
2020-10-11,2020,IND,1538.8019909526804
2020-10-11,2020,JAX,1383.9923823934494
2020-10-11,2020,LA,1574.6627587929297
2020-10-11,2020,LV,1446.6557733873233
2020-10-11,2020,MIA,1415.1793727197753
2020-10-11,2020,MIN,1524.0409290692867
2020-10-11,2020,NYG,1340.9903333368322
2020-10-11,2020,PHI,1492.6678467541146
2020-10-11,2020,CAR,1430.1445336825411
2020-10-11,2020,ARI,1437.545866988808
2020-10-11,2020,BAL,1647.1065705677458
2020-10-11,2020,CLE,1487.0518926824443
2020-10-11,2020,HOU,1452.6124912029277
2020-10-11,2020,WAS,1351.4713000122827
2020-10-11,2020,KC,1725.0703946382962
2020-10-11,2020,SF,1583.1554328814516
2020-10-11,2020,SEA,1613.8336202610908
2020-10-11,2020,DAL,1475.6871954541311
2020-10-11,2020,PIT,1552.4203295278114
2020-10-11,2020,ATL,1466.380762671736
2020-10-12,2020,LAC,1429.2572892771693
2020-10-12,2020,NO,1573.865307154682
2020-10-13,2020,BUF,1565.0612336257464
2020-10-13,2020,TEN,1611.3196089001458
2020-10-18,2020,NYG,1334.362473383574
2020-10-18,2020,MIA,1471.908525775573
2020-10-18,2020,SF,1526.4262798256539
2020-10-18,2020,TEN,1634.554083396166
2020-10-18,2020,TB,1532.5103874307306
2020-10-18,2020,JAX,1365.7931677342494
2020-10-18,2020,NE,1573.3258284549802
2020-10-18,2020,PIT,1567.7735248825725
2020-10-18,2020,ATL,1439.6164470177187
2020-10-18,2020,MIN,1519.9773798945391
2020-10-18,2020,PHI,1477.3146513993536
2020-10-18,2020,BAL,1654.9462474950078
2020-10-18,2020,IND,1515.4878756766084
2020-10-18,2020,CHI,1533.4620831261068
2020-10-18,2020,CAR,1456.9088493365584
2020-10-18,2020,CLE,1510.3660079585163
2020-10-18,2020,DEN,1459.907270304669
2020-10-18,2020,DET,1386.6704743283306
2020-10-18,2020,CIN,1370.890687767702
2020-10-18,2020,HOU,1470.8117058621276
2020-10-18,2020,LA,1589.736967354181
2020-10-18,2020,NYJ,1342.2203673148176
2020-10-18,2020,WAS,1336.3970914510314
2020-10-18,2020,GB,1645.6393061380184
2020-10-19,2020,DAL,1482.3150554073893
2020-10-19,2020,BUF,1541.826759129726
2020-10-19,2020,ARI,1466.1045682607887
2020-10-19,2020,KC,1680.307221984456
2020-10-22,2020,PHI,1470.6406310890402
2020-10-22,2020,NYG,1340.259032520445
2020-10-25,2020,WAS,1330.5005323141604
2020-10-25,2020,CAR,1438.0641213064068
2020-10-25,2020,DET,1418.8049637574932
2020-10-25,2020,TB,1573.6402458017744
2020-10-25,2020,SF,1549.5269324262217
2020-10-25,2020,SEA,1617.8971694358384
2020-10-25,2020,PIT,1591.1093563236186
2020-10-25,2020,KC,1696.7906554405363
2020-10-25,2020,JAX,1333.6586783050868
2020-10-25,2020,GB,1604.5094477669745
2020-10-25,2020,ATL,1481.162007940766
2020-10-25,2020,DAL,1441.2914680960469
2020-10-25,2020,CLE,1487.0301765174702
2020-10-25,2020,DEN,1490.0174821446476
2020-10-25,2020,CIN,1363.5469963467451
2020-10-25,2020,NO,1580.1904935154914
2020-10-25,2020,NYJ,1326.466722379379
2020-10-25,2020,HOU,1462.7127051751545
2020-10-25,2020,LAC,1422.9321029163598
2020-10-25,2020,LV,1491.4189460411635
2020-10-25,2020,BUF,1525.3433256736457
2020-10-25,2020,ARI,1507.1281555721312
2020-10-25,2020,NE,1543.2156166150016
2020-10-25,2020,TEN,1642.6530840831392
2020-10-26,2020,CHI,1552.3068111562584
2020-10-26,2020,LA,1566.636314753613
2020-10-29,2020,CAR,1431.6641125653618
2020-10-29,2020,ATL,1471.621467551992
2020-11-01,2020,GB,1624.092009148178
2020-11-01,2020,CLE,1497.566293483608
2020-11-01,2020,BUF,1537.4981243200777
2020-11-01,2020,MIN,1478.4318189714918
2020-11-01,2020,DEN,1472.2285777352215
2020-11-01,2020,TEN,1624.083265880777
2020-11-01,2020,DET,1428.345504146267
2020-11-01,2020,PHI,1474.022056910106
2020-11-01,2020,MIA,1487.6621707110116
2020-11-01,2020,SF,1587.5486898892984
2020-11-01,2020,LV,1462.4868076645191
2020-11-01,2020,NYJ,1314.311923732947
2020-11-01,2020,CIN,1353.0108793806073
2020-11-01,2020,SEA,1601.076680607499
2020-11-01,2020,BAL,1661.6202678053212
2020-11-01,2020,PIT,1609.679174525981
2020-11-01,2020,CHI,1530.646725231364
2020-11-01,2020,DAL,1403.2448447583251
2020-11-01,2020,IND,1522.8315670975653
2020-11-01,2020,LAC,1437.0217508080123
2020-11-01,2020,KC,1714.5795598499624
2020-11-01,2020,NE,1505.193859151925
2020-11-01,2020,NO,1586.5905022565364
2020-11-01,2020,LA,1588.2964006785076
2020-11-02,2020,TB,1602.5723841784188
2020-11-02,2020,NYG,1336.8776066993794
2020-11-05,2020,SF,1568.3104128926823
2020-11-05,2020,GB,1591.9569650275375
2020-11-08,2020,PIT,1631.25992257725
2020-11-08,2020,SEA,1620.314957604115
2020-11-08,2020,MIA,1516.9478213805116
2020-11-08,2020,LV,1493.254712159317
2020-11-08,2020,HOU,1443.130143793951
2020-11-08,2020,NO,1600.0878021996493
2020-11-08,2020,DEN,1477.3378282067351
2020-11-08,2020,BAL,1640.039519754052
2020-11-08,2020,CAR,1409.1008454323946
2020-11-08,2020,CHI,1517.149425288251
2020-11-08,2020,DET,1402.495848185082
2020-11-08,2020,NYG,1332.4358806310156
2020-11-08,2020,WAS,1368.5471556518821
2020-11-08,2020,MIN,1510.5668630921323
2020-11-08,2020,TB,1607.0141102467826
2020-11-08,2020,ARI,1523.9486444004706
2020-11-08,2020,LAC,1431.9125003364986
2020-11-08,2020,JAX,1319.5690304134343
2020-11-08,2020,DAL,1386.0083292418874
2020-11-08,2020,ATL,1494.1847346849593
2020-11-08,2020,TEN,1580.7704967352759
2020-11-08,2020,KC,1718.4350509755589
2020-11-08,2020,IND,1548.6812230587504
2020-11-08,2020,BUF,1547.8354019987235
2020-11-09,2020,NE,1494.8565814732792
2020-11-09,2020,NYJ,1310.4564326073505
2020-11-12,2020,IND,1525.4212180973225
2020-11-12,2020,TEN,1594.4128339099877
2020-11-15,2020,SF,1537.037825254415
2020-11-15,2020,BUF,1573.7898665402756
2020-11-15,2020,BAL,1663.29952471548
2020-11-15,2020,HOU,1451.4772596331027
2020-11-15,2020,JAX,1311.2219145742827
2020-11-15,2020,LAC,1414.7865016345277
2020-11-15,2020,PHI,1491.2585724265437
2020-11-15,2020,SEA,1594.360493062563
2020-11-15,2020,NO,1642.6029238524661
2020-11-15,2020,DET,1387.861162635433
2020-11-15,2020,CAR,1406.9583155276912
2020-11-15,2020,CIN,1396.3236485261084
2020-11-15,2020,DEN,1460.8656565713718
2020-11-15,2020,NE,1503.0334735600527
2020-11-15,2020,ARI,1507.498004505145
2020-11-15,2020,PIT,1639.256386942
2020-11-15,2020,LV,1510.380710861288
2020-11-15,2020,CLE,1466.79838898881
2020-11-15,2020,GB,1623.2295526658047
2020-11-15,2020,TB,1564.4989885939658
2020-11-15,2020,MIA,1533.3984612758372
2020-11-15,2020,NYG,1350.2728128207104
2020-11-15,2020,LA,1559.0107500090076
2020-11-15,2020,WAS,1350.7102234621873
2020-11-16,2020,CHI,1503.507088113539
2020-11-16,2020,MIN,1525.2015486417813
2020-11-19,2020,SEA,1574.4374354338956
2020-11-19,2020,ARI,1519.1589480042458
2020-11-22,2020,DET,1398.0005071689382
2020-11-22,2020,PHI,1459.6761122316987
2020-11-22,2020,NYJ,1302.279540520577
2020-11-22,2020,NE,1529.9434988921946
2020-11-22,2020,MIA,1544.716543219738
2020-11-22,2020,GB,1626.3224944145336
2020-11-22,2020,CIN,1387.1372877087572
2020-11-22,2020,DAL,1378.0118648771374
2020-11-22,2020,PIT,1648.4427477593513
2020-11-22,2020,KC,1720.5775808802623
2020-11-22,2020,DEN,1438.2010384649127
2020-11-22,2020,CLE,1477.844447576322
2020-11-22,2020,JAX,1308.1289728255538
2020-11-22,2020,BAL,1636.389499383338
2020-11-22,2020,TEN,1553.9780582306473
2020-11-22,2020,NO,1657.4038249707712
2020-11-22,2020,WAS,1340.570878928682
2020-11-22,2020,MIN,1546.3844417932214
2020-11-22,2020,CAR,1385.9255850258976
2020-11-22,2020,IND,1565.855993776663
2020-11-22,2020,LV,1533.045328967747
2020-11-22,2020,ATL,1510.6569063203226
2020-11-22,2020,HOU,1440.4312010455908
2020-11-22,2020,LAC,1403.468419690627
2020-11-23,2020,TB,1585.5317190957594
2020-11-23,2020,LA,1578.9338076376748
2020-11-26,2020,WAS,1365.3012984690033
2020-11-26,2020,DET,1371.1309371042953
2020-11-26,2020,DAL,1401.8902293633273
2020-11-26,2020,HOU,1464.1458967024469
2020-11-29,2020,CIN,1362.406868168436
2020-11-29,2020,LAC,1414.3145786562493
2020-11-29,2020,KC,1729.9409530625057
2020-11-29,2020,CLE,1491.965626332912
2020-11-29,2020,CHI,1482.324194962099
2020-11-29,2020,NO,1669.926253323452
2020-11-29,2020,ARI,1505.0331457775926
2020-11-29,2020,MIA,1519.7896465226868
2020-11-29,2020,IND,1580.297983715972
2020-11-29,2020,LA,1595.3652758710753
2020-11-29,2020,CAR,1412.7951550905404
2020-11-29,2020,NYG,1381.8552730155554
2020-11-29,2020,LV,1523.6819567855036
2020-11-29,2020,TEN,1582.0824511075573
2020-11-29,2020,NE,1506.2288032353385
2020-11-29,2020,MIN,1522.5060773070315
2020-11-29,2020,SF,1522.23692413611
2020-11-29,2020,JAX,1299.2219681508072
2020-11-29,2020,TB,1569.100250862359
2020-11-29,2020,BUF,1562.1289230411749
2020-11-29,2020,ATL,1498.1344779676417
2020-11-29,2020,GB,1611.8805044752246
2020-11-29,2020,DEN,1463.127935161964
2020-11-29,2020,NYJ,1291.4333815549546
2020-11-30,2020,SEA,1588.5632376605488
2020-11-30,2020,PHI,1445.5549334751086
2020-12-02,2020,BAL,1608.285106506428
2020-12-02,2020,PIT,1657.3497524340978
2020-12-06,2020,LAC,1403.5393704675364
2020-12-06,2020,MIA,1533.7606421533815
2020-12-06,2020,KC,1738.9892716133447
2020-12-06,2020,GB,1625.7551729258569
2020-12-06,2020,MIN,1526.2242760393992
2020-12-06,2020,ARI,1493.3806999440649
2020-12-06,2020,NYJ,1277.46238592426
2020-12-06,2020,ATL,1531.8190943551797
2020-12-06,2020,SEA,1602.239309926595
2020-12-06,2020,HOU,1488.3327287967861
2020-12-06,2020,CHI,1468.4495265114667
2020-12-06,2020,TEN,1616.7291544003547
2020-12-06,2020,LV,1489.9973403979657
2020-12-06,2020,DEN,1445.1537453469282
2020-12-06,2020,DET,1346.944105009956
2020-12-06,2020,IND,1545.6512804231745
2020-12-06,2020,JAX,1292.9760498901667
2020-12-06,2020,LA,1575.777490403378
2020-12-06,2020,CLE,1498.2115445935526
2020-12-06,2020,CIN,1350.3636566824057
2020-12-06,2020,NO,1687.9004431384878
2020-12-06,2020,NYG,1393.8984845015857
2020-12-06,2020,PHI,1431.8788612090623
2020-12-06,2020,NE,1517.8812490688663
2020-12-07,2020,BUF,1572.9041312298878
2020-12-07,2020,WAS,1407.2754185807812
2020-12-07,2020,SF,1541.8247096038074
2020-12-07,2020,PIT,1669.8369787950355
2020-12-08,2020,BAL,1595.7978801454904
2020-12-08,2020,DAL,1359.9161092515494
2020-12-10,2020,LA,1597.0574956363423
2020-12-10,2020,NE,1548.0352451084061
2020-12-13,2020,PIT,1631.0178422495549
2020-12-13,2020,NYJ,1270.2532567210576
2020-12-13,2020,NO,1699.8311478228545
2020-12-13,2020,MIN,1530.2889444239222
2020-12-13,2020,KC,1743.1199588996121
2020-12-13,2020,IND,1564.508720924318
2020-12-13,2020,HOU,1469.4752882956427
2020-12-13,2020,GB,1635.4671985032026
2020-12-13,2020,DEN,1441.0230580606608
2020-12-13,2020,DAL,1351.5569897403932
2020-12-13,2020,ATL,1519.888389670813
2020-12-13,2020,ARI,1472.1006947111005
2020-12-13,2020,TEN,1586.2942218936164
2020-12-13,2020,LV,1497.206469601168
2020-12-13,2020,LAC,1373.3853744279966
2020-12-13,2020,SF,1516.4839721917324
2020-12-13,2020,JAX,1288.9113815056437
2020-12-13,2020,BUF,1598.2448686419627
2020-12-13,2020,SEA,1569.2260495299354
2020-12-13,2020,NYG,1426.9117448982454
2020-12-13,2020,TB,1560.05193231152
2020-12-13,2020,PHI,1422.1668356317166
2020-12-13,2020,CHI,1443.1204213011372
2020-12-13,2020,DET,1372.2732102202856
2020-12-13,2020,CAR,1409.0769563581728
2020-12-13,2020,CIN,1340.6707018236425
2020-12-13,2020,MIA,1543.4535970121447
2020-12-13,2020,WAS,1446.0945551262619
2020-12-14,2020,BAL,1604.1569996566466
2020-12-14,2020,CLE,1528.646477100291
2020-12-17,2020,LV,1470.1443234030687
2020-12-17,2020,LAC,1391.905873298325
2020-12-19,2020,DEN,1459.9057707849229
2020-12-19,2020,CAR,1390.1942436339107
2020-12-19,2020,BUF,1621.8422478890802
2020-12-19,2020,GB,1643.9777706268997
2020-12-20,2020,TB,1579.371649896598
2020-12-20,2020,SF,1485.6418435407159
2020-12-20,2020,SEA,1576.7344506387124
2020-12-20,2020,PHI,1446.6086156109964
2020-12-20,2020,NYJ,1262.7448556122806
2020-12-20,2020,NE,1526.4892436725434
2020-12-20,2020,KC,1753.846469324863
2020-12-20,2020,JAX,1278.237318131165
2020-12-20,2020,HOU,1437.8902685767787
2020-12-20,2020,DET,1363.7626380965885
2020-12-20,2020,CLE,1512.3484724781163
2020-12-20,2020,CHI,1474.7054410200012
2020-12-20,2020,NO,1675.3893678435747
2020-12-20,2020,NYG,1396.6734101274767
2020-12-20,2020,ATL,1501.3678908004845
2020-12-20,2020,DAL,1387.3228959763553
2020-12-20,2020,WAS,1476.9366837772784
2020-12-20,2020,MIN,1510.9692268388442
2020-12-20,2020,LA,1618.603497072205
2020-12-20,2020,MIA,1532.7270865868938
2020-12-20,2020,ARI,1502.3390294818691
2020-12-20,2020,IND,1591.5708671224172
2020-12-20,2020,TEN,1596.968285268095
2020-12-20,2020,BAL,1620.4550042788212
2020-12-21,2020,PIT,1607.4204630024374
2020-12-21,2020,CIN,1304.9047955876804
2020-12-25,2020,NO,1662.9113299236772
2020-12-25,2020,MIN,1485.9217421208446
2020-12-26,2020,MIA,1552.5052208637253
2020-12-26,2020,TB,1593.88171002934
2020-12-26,2020,LV,1450.3172162323203
2020-12-26,2020,ARI,1516.4383935625228
2020-12-26,2020,DET,1354.6975729278713
2020-12-26,2020,SF,1459.9211411133872
2020-12-27,2020,SEA,1591.64923987748
2020-12-27,2020,BAL,1625.8112954490318
2020-12-27,2020,PIT,1563.3671529288608
2020-12-27,2020,LAC,1411.7329804690735
2020-12-27,2020,NYJ,1293.6793554158933
2020-12-27,2020,HOU,1428.8045910809942
2020-12-27,2020,JAX,1272.8810269609544
2020-12-27,2020,KC,1766.3245072447605
2020-12-27,2020,ATL,1486.8578306677425
2020-12-27,2020,DAL,1413.043598403684
2020-12-27,2020,CAR,1384.4105272369375
2020-12-27,2020,CIN,1348.958105661257
2020-12-27,2020,CLE,1533.5671119534165
2020-12-27,2020,DEN,1437.8085815429329
2020-12-27,2020,IND,1600.6565446182017
2020-12-27,2020,LA,1587.6689972685924
2020-12-27,2020,NYG,1375.4547706521764
2020-12-27,2020,PHI,1432.5092515303427
2020-12-27,2020,TEN,1606.0333504368123
2020-12-27,2020,CHI,1499.7529257380008
2020-12-27,2020,GB,1649.7614870238729
2020-12-27,2020,WAS,1462.0218945385107
2020-12-28,2020,NE,1506.711109395712
2020-12-28,2020,BUF,1643.9394371310702
2021-01-03,2020,TB,1610.9402576660073
2021-01-03,2020,NYJ,1327.902566033217
2021-01-03,2020,CIN,1376.894459592742
2021-01-03,2020,MIN,1474.2361511830536
2021-01-03,2020,MIA,1558.223457357803
2021-01-03,2020,LV,1444.5989797382426
2021-01-03,2020,LAC,1424.5941138669266
2021-01-03,2020,JAX,1257.2140124435284
2021-01-03,2020,GB,1673.2362798488866
2021-01-03,2020,CLE,1499.3439013360928
2021-01-03,2020,SF,1489.7267613648394
2021-01-03,2020,HOU,1400.8682371495092
2021-01-03,2020,PHI,1404.9167190859775
2021-01-03,2020,ARI,1486.6327733110707
2021-01-03,2020,ATL,1483.6767783011855
2021-01-03,2020,PIT,1578.88996577373
2021-01-03,2020,SEA,1612.319711681356
2021-01-03,2020,NO,1674.596920861468
2021-01-03,2020,WAS,1432.3252257875117
2021-01-03,2020,LA,1566.9985254647165
2021-01-03,2020,NYG,1368.1960683681114
2021-01-03,2020,CHI,1515.4199402554268
2021-01-03,2020,IND,1585.1337317733326
2021-01-03,2020,TEN,1582.5585576117985
2021-01-03,2020,KC,1769.5055596113175
2021-01-03,2020,DEN,1424.9474481450798
2021-01-03,2020,BUF,1668.4110431687573
2021-01-03,2020,DAL,1440.636130848049
2021-01-03,2020,CAR,1414.1071959879364
2021-01-03,2020,BAL,1633.069997733097
2021-01-03,2020,NE,1482.2395033580249
2021-01-03,2020,DET,1337.639025291204
2021-01-09,2020,BUF,1686.7920184765476
2021-01-09,2020,SEA,1622.8927542128513
2021-01-09,2020,WAS,1453.13100025424
2021-01-09,2020,LA,1582.177184452868
2021-01-09,2020,IND,1589.8997329587282
2021-01-09,2020,TB,1625.246446131017
2021-01-10,2020,CLE,1511.499092403637
2021-01-10,2020,TEN,1590.8329026456456
2021-01-10,2020,NO,1688.2646688341247
2021-01-10,2020,PIT,1566.7347747061858
2021-01-10,2020,BAL,1648.2449652651346
2021-01-10,2020,CHI,1495.6167260235754
2021-01-16,2020,LA,1613.408747860744
2021-01-16,2020,BAL,1668.390011036768
2021-01-16,2020,BUF,1694.6682911606176
2021-01-16,2020,GB,1693.039494080738
2021-01-17,2020,TB,1638.9159855338155
2021-01-17,2020,CLE,1545.0984891463108
2021-01-17,2020,KC,1705.768355260118
2021-01-17,2020,NO,1697.5203503139755
2021-01-24,2020,BUF,1715.347678119251
2021-01-24,2020,KC,1713.3377111806797
2021-01-24,2020,GB,1709.6338295003843
2021-01-24,2020,TB,1671.6143825133902
2021-02-07,2020,KC,1736.37282028711
2021-02-07,2020,TB,1694.7856009312457
2021-09-09,2021,DAL,1448.8119796736985
2021-09-09,2021,TB,1650.3149513151177
2021-09-12,2021,LA,1564.5429416273985
2021-09-12,2021,KC,1637.123996163786
2021-09-12,2021,NYG,1423.742819803742
2021-09-12,2021,NO,1609.881302222934
2021-09-12,2021,HOU,1428.395928077108
2021-09-12,2021,WAS,1459.640973900961
2021-09-12,2021,NE,1496.0230134036567
2021-09-12,2021,CIN,1407.812994707136
2021-09-12,2021,CAR,1433.6262986768531
2021-09-12,2021,ATL,1479.5803932241172
2021-09-12,2021,BUF,1628.2083793418803
2021-09-12,2021,IND,1554.6823068497722
2021-09-12,2021,DET,1386.476233364968
2021-09-12,2021,TEN,1547.125237916008
2021-09-12,2021,PIT,1522.0902519756746
2021-09-12,2021,SEA,1561.1074605366503
2021-09-12,2021,CHI,1490.9073630291498
2021-09-12,2021,ARI,1480.9694095486127
2021-09-12,2021,CLE,1525.0194221504994
2021-09-12,2021,SF,1486.1024792222295
2021-09-12,2021,PHI,1422.7406297461662
2021-09-12,2021,NYJ,1377.4050328571714
2021-09-12,2021,MIN,1488.1072176178704
2021-09-12,2021,MIA,1526.5616547000084
2021-09-12,2021,LAC,1492.220878812084
2021-09-12,2021,JAX,1334.965340838755
2021-09-12,2021,GB,1624.3084073883526
2021-09-12,2021,DEN,1444.9025442424754
2021-09-13,2021,LV,1468.1284076797394
2021-09-13,2021,BAL,1598.4737493854232
2021-09-16,2021,NYG,1394.2141793916853
2021-09-16,2021,WAS,1442.7141103574877
2021-09-19,2021,IND,1525.4252186650676
2021-09-19,2021,LV,1493.0477545863766
2021-09-19,2021,LA,1583.686155772602
2021-09-19,2021,KC,1645.6641990100154
2021-09-19,2021,HOU,1444.7415627449097
2021-09-19,2021,DEN,1474.431184654532
2021-09-19,2021,DAL,1445.0205295357673
2021-09-19,2021,CIN,1423.1864744157574
2021-09-19,2021,BUF,1596.5316516661055
2021-09-19,2021,ATL,1434.835704271251
2021-09-19,2021,TB,1654.1064014530489
2021-09-19,2021,MIN,1472.7337379092492
2021-09-19,2021,MIA,1533.899434050202
2021-09-19,2021,LAC,1509.1477423555573
2021-09-19,2021,JAX,1318.6197061709534
2021-09-19,2021,CLE,1516.47921930427
2021-09-19,2021,BAL,1573.554402478786
2021-09-19,2021,PIT,1553.7669796514494
2021-09-19,2021,ARI,1526.2348965844558
2021-09-19,2021,NYJ,1365.280972182976
2021-09-19,2021,CAR,1445.7503593510485
2021-09-19,2021,PHI,1467.4853186990324
2021-09-19,2021,SEA,1590.3645487213548
2021-09-19,2021,CHI,1471.7641488839463
2021-09-19,2021,NE,1488.685234053463
2021-09-19,2021,SF,1504.4041619107213
2021-09-19,2021,TEN,1501.859750880165
2021-09-19,2021,NO,1641.777702919504
2021-09-20,2021,GB,1592.4120066917826
2021-09-20,2021,DET,1368.1745506764762
2021-09-23,2021,HOU,1429.5414805577432
2021-09-23,2021,CAR,1490.7810450819657
2021-09-26,2021,JAX,1302.6349402307442
2021-09-26,2021,WAS,1447.556013680504
2021-09-26,2021,DET,1359.1282101207096
2021-09-26,2021,NYG,1389.372276068669
2021-09-26,2021,CLE,1531.6793014914365
2021-09-26,2021,TB,1664.1237527320316
2021-09-26,2021,PIT,1522.2023602273048
2021-09-26,2021,TEN,1522.165280640488
2021-09-26,2021,SEA,1570.0590189610318
2021-09-26,2021,KC,1638.1703733842553
2021-09-26,2021,LV,1524.6123740105213
2021-09-26,2021,NE,1511.4604721296914
2021-09-26,2021,DEN,1490.4159505947412
2021-09-26,2021,MIN,1467.9903877180482
2021-09-26,2021,LA,1597.0773418701606
2021-09-26,2021,BUF,1630.6317370532138
2021-09-26,2021,SF,1524.5853345515065
2021-09-26,2021,NO,1596.7470171885868
2021-09-26,2021,NYJ,1342.5057341067477
2021-09-26,2021,GB,1601.4583472475492
2021-09-26,2021,LAC,1489.983196814317
2021-09-26,2021,CHI,1481.4448742525663
2021-09-26,2021,ATL,1424.8183529922683
2021-09-26,2021,BAL,1581.048228104546
2021-09-26,2021,CIN,1413.5057490471374
2021-09-26,2021,IND,1512.034032567509
2021-09-26,2021,ARI,1530.9782467756568
2021-09-26,2021,MIA,1499.7993486630937
2021-09-27,2021,PHI,1447.3041460582472
2021-09-27,2021,DAL,1464.1850750770077
2021-09-30,2021,JAX,1290.2361664779812
2021-09-30,2021,CIN,1454.9885866416325
2021-10-03,2021,PHI,1423.1903034830432
2021-10-03,2021,MIA,1489.1522840962625
2021-10-03,2021,NYJ,1327.7022909886068
2021-10-03,2021,BUF,1642.499697796881
2021-10-03,2021,DAL,1488.2989176522117
2021-10-03,2021,SF,1514.6406132952272
2021-10-03,2021,CHI,1460.3283886777149
2021-10-03,2021,GB,1611.4030685038285
2021-10-03,2021,NE,1487.111415014905
2021-10-03,2021,MIN,1499.2226640412873
2021-10-03,2021,ATL,1439.2644238095654
2021-10-03,2021,NO,1621.0960743033731
2021-10-03,2021,LA,1622.5903831236333
2021-10-03,2021,DEN,1505.219393712882
2021-10-03,2021,KC,1605.8796341717843
2021-10-03,2021,ARI,1543.3770205284197
2021-10-03,2021,BAL,1586.519887915325
2021-10-03,2021,NYG,1374.9262052513718
2021-10-03,2021,PIT,1480.7195226328097
2021-10-03,2021,IND,1493.3196983513053
2021-10-03,2021,HOU,1403.0311582724005
2021-10-03,2021,DET,1353.6565503099307
2021-10-03,2021,CAR,1517.2913673673083
2021-10-03,2021,CLE,1552.795787066288
2021-10-03,2021,WAS,1435.6880529368368
2021-10-03,2021,SEA,1538.8267426377927
2021-10-03,2021,TB,1638.6107114785589
2021-10-03,2021,TEN,1540.8796148566917
2021-10-04,2021,LAC,1522.2739360267879
2021-10-04,2021,LV,1535.2594385773525
2021-10-07,2021,LA,1581.1565910309203
2021-10-07,2021,SEA,1561.2873419831014
2021-10-10,2021,DAL,1508.8923775335293
2021-10-10,2021,ATL,1420.3549412285547
2021-10-10,2021,CAR,1496.6979074859908
2021-10-10,2021,ARI,1584.8108126211328
2021-10-10,2021,WAS,1454.5975355178475
2021-10-10,2021,JAX,1284.4945798115007
2021-10-10,2021,MIN,1478.8134790953663
2021-10-10,2021,CIN,1460.730173308113
2021-10-10,2021,LV,1511.2805429783252
2021-10-10,2021,TB,1646.0668406151933
2021-10-10,2021,HOU,1392.4907736709736
2021-10-10,2021,KC,1621.1223605120506
2021-10-10,2021,LAC,1546.2528316258151
2021-10-10,2021,NYJ,1349.323877594625
2021-10-10,2021,TEN,1519.2580282506735
2021-10-10,2021,SF,1492.1800139499185
2021-10-10,2021,PHI,1407.947577142777
2021-10-10,2021,NYG,1412.8731875502656
2021-10-10,2021,NO,1583.1490920044794
2021-10-10,2021,NE,1479.6552858782707
2021-10-10,2021,MIA,1461.6154462222016
2021-10-10,2021,DET,1340.6159463996096
2021-10-10,2021,DEN,1479.9766015804275
2021-10-10,2021,CLE,1573.204972012209
2021-10-10,2021,CHI,1473.368992588036
2021-10-10,2021,BUF,1653.040082398308
2021-10-10,2021,PIT,1469.0381590160791
2021-10-10,2021,GB,1623.084432120559
2021-10-11,2021,BAL,1611.7626800477794
2021-10-11,2021,IND,1520.8565362253662
2021-10-14,2021,PHI,1428.2645071900777
2021-10-14,2021,TB,1658.7253769757667
2021-10-17,2021,NE,1491.74686627595
2021-10-17,2021,LV,1479.1546720084984
2021-10-17,2021,LA,1606.3650413761886
2021-10-17,2021,LAC,1562.9267703863607
2021-10-17,2021,KC,1590.0891494664377
2021-10-17,2021,HOU,1380.3991932732943
2021-10-17,2021,GB,1632.0751500059816
2021-10-17,2021,DAL,1527.2515001609183
2021-10-17,2021,CIN,1451.7394554226905
2021-10-17,2021,ARI,1596.850140250422
2021-10-17,2021,DET,1335.4491422698193
2021-10-17,2021,WAS,1436.0863476219051
2021-10-17,2021,MIA,1448.9569098616282
2021-10-17,2021,JAX,1270.6836557341144
2021-10-17,2021,BAL,1623.1148151865186
2021-10-17,2021,NYG,1394.5140649228765
2021-10-17,2021,DEN,1460.6646558934135
2021-10-17,2021,SEA,1536.078891637833
2021-10-17,2021,PIT,1488.3501047030932
2021-10-17,2021,CAR,1476.38097743869
2021-10-17,2021,CHI,1505.4948635578628
2021-10-17,2021,CLE,1556.5310332516635
2021-10-17,2021,IND,1509.504401086627
2021-10-17,2021,MIN,1483.9802832251567
2021-10-18,2021,BUF,1684.0732934439209
2021-10-18,2021,TEN,1533.0689523280598
2021-10-21,2021,DEN,1434.3002546981472
2021-10-21,2021,CLE,1523.9342189744307
2021-10-24,2021,LV,1505.5190732037647
2021-10-24,2021,NE,1471.4730791753661
2021-10-24,2021,MIA,1428.941380781974
2021-10-24,2021,NYG,1377.1314123701598
2021-10-24,2021,TB,1668.0390464892396
2021-10-24,2021,BAL,1645.5264736259146
2021-10-24,2021,LA,1623.7476939289054
2021-10-24,2021,ARI,1629.446954527655
2021-10-24,2021,WAS,1416.309617529998
2021-10-24,2021,PHI,1418.9508376766048
2021-10-24,2021,CAR,1454.2630941992602
2021-10-24,2021,KC,1609.865879558345
2021-10-24,2021,GB,1650.0783084575141
2021-10-24,2021,ATL,1433.576116942085
2021-10-24,2021,SF,1480.1406863206291
2021-10-24,2021,CHI,1487.4917051063303
2021-10-24,2021,CIN,1476.5814580552176
2021-10-24,2021,DET,1310.6071396372922
2021-10-24,2021,HOU,1363.8743990697808
2021-10-24,2021,NYJ,1336.1027018810946
2021-10-24,2021,IND,1526.0291952901405
2021-10-24,2021,TEN,1551.8026350979817
2021-10-25,2021,NO,1601.6602799004218
2021-10-25,2021,SEA,1522.2284770922552
2021-10-28,2021,ARI,1637.5953072187945
2021-10-28,2021,GB,1657.9969191852422
2021-10-31,2021,PIT,1502.200519248671
2021-10-31,2021,ATL,1446.17473645958
2021-10-31,2021,NYJ,1318.289271806259
2021-10-31,2021,MIN,1506.0981664645865
2021-10-31,2021,SEA,1509.7939305604948
2021-10-31,2021,HOU,1355.7260463786413
2021-10-31,2021,BUF,1665.339610673999
2021-10-31,2021,LAC,1540.5151119469647
2021-10-31,2021,DEN,1426.1674905079924
2021-10-31,2021,CAR,1419.8292943062172
2021-10-31,2021,CIN,1532.0821111534524
2021-10-31,2021,DAL,1547.5252872615022
2021-10-31,2021,JAX,1290.6991848137686
2021-10-31,2021,LA,1628.1451805442478
2021-10-31,2021,DET,1306.2096530219499
2021-10-31,2021,MIA,1416.3427612644791
2021-10-31,2021,CHI,1473.7568798244995
2021-10-31,2021,NO,1614.0948264321821
2021-10-31,2021,IND,1551.8593591260649
2021-10-31,2021,NE,1489.2865092502018
2021-10-31,2021,WAS,1408.3910068022699
2021-10-31,2021,TEN,1585.0756565629526
2021-10-31,2021,TB,1681.7738717710704
2021-10-31,2021,SF,1454.3105224847047
2021-10-31,2021,PHI,1404.175966039399
2021-10-31,2021,CLE,1532.0669831645855
2021-11-01,2021,KC,1576.592858093374
2021-11-01,2021,NYG,1411.5652122632027
2021-11-04,2021,NYJ,1339.9387427439424
2021-11-04,2021,IND,1537.3091146353759
2021-11-07,2021,MIN,1489.6502047758254
2021-11-07,2021,CAR,1444.2139491707328
2021-11-07,2021,LA,1639.2279494795187
2021-11-07,2021,TEN,1599.6259010536417
2021-11-07,2021,NE,1507.8413955762603
2021-11-07,2021,LV,1520.2939448409704
2021-11-07,2021,LAC,1521.9602256209062
2021-11-07,2021,HOU,1344.6432774433704
2021-11-07,2021,GB,1673.1488255841768
2021-11-07,2021,BAL,1590.02582052768
2021-11-07,2021,NYG,1405.8313072591586
2021-11-07,2021,PHI,1434.8814887962344
2021-11-07,2021,DEN,1442.580747916263
2021-11-07,2021,KC,1582.326763097418
2021-11-07,2021,DAL,1563.9732489502633
2021-11-07,2021,ARI,1622.4434008198598
2021-11-07,2021,CIN,1510.432640215769
2021-11-07,2021,JAX,1280.5439738862885
2021-11-07,2021,NO,1638.6430726753265
2021-11-07,2021,SF,1484.860327064326
2021-11-07,2021,CLE,1509.397280151491
2021-11-07,2021,BUF,1672.8248255187384
2021-11-07,2021,MIA,1408.8575464197397
2021-11-07,2021,ATL,1421.7900815950643
2021-11-08,2021,CHI,1443.2070752448783
2021-11-08,2021,PIT,1524.8702222617655
2021-11-11,2021,MIA,1423.2366780747536
2021-11-11,2021,BAL,1597.780897776429
2021-11-14,2021,BUF,1643.9363873983625
2021-11-14,2021,ATL,1442.3036509614924
2021-11-14,2021,DET,1275.5041302651146
2021-11-14,2021,CLE,1547.3931560243075
2021-11-14,2021,CAR,1416.2914027205115
2021-11-14,2021,JAX,1309.4324120066644
2021-11-14,2021,SEA,1519.9491414879749
2021-11-14,2021,PHI,1422.786124699197
2021-11-14,2021,TB,1657.225625527926
2021-11-14,2021,KC,1604.6058149861394
2021-11-14,2021,WAS,1391.9777493939994
2021-11-14,2021,GB,1650.8697736954555
2021-11-14,2021,DEN,1485.1897031825238
2021-11-14,2021,TEN,1632.9353315233625
2021-11-14,2021,LAC,1534.0555897179436
2021-11-14,2021,MIN,1481.8951275270765
2021-11-14,2021,IND,1547.0793956608031
2021-11-14,2021,PIT,1531.5433299575764
2021-11-14,2021,NE,1535.7639420264816
2021-11-14,2021,ARI,1641.8999118888237
2021-11-14,2021,NYJ,1330.1684617185151
2021-11-14,2021,DAL,1521.3642936840024
2021-11-14,2021,NO,1618.1295033088984
2021-11-14,2021,LV,1494.7992855901161
2021-11-15,2021,SF,1465.403815995362
2021-11-15,2021,LA,1605.9185190097978
2021-11-18,2021,ATL,1419.4916110526426
2021-11-18,2021,NE,1568.044689781
2021-11-21,2021,JAX,1303.8563772013597
2021-11-21,2021,LAC,1506.1570346747826
2021-11-21,2021,PHI,1462.574039142721
2021-11-21,2021,CLE,1515.112408269789
2021-11-21,2021,BUF,1654.6325514912414
2021-11-21,2021,TEN,1641.7064505128262
2021-11-21,2021,MIN,1509.7936825702375
2021-11-21,2021,KC,1631.3115658424845
2021-11-21,2021,LV,1468.093534733771
2021-11-21,2021,CHI,1436.5339675490675
2021-11-21,2021,NYJ,1319.4722976256362
2021-11-21,2021,SEA,1505.8842283530353
2021-11-21,2021,CAR,1477.2035123132712
2021-11-21,2021,GB,1664.934686830395
2021-11-21,2021,ARI,1580.987802296064
2021-11-21,2021,WAS,1433.3452298562759
2021-11-21,2021,SF,1506.0657818548593
2021-11-21,2021,PIT,1531.5433299575764
2021-11-21,2021,NO,1609.3583843194347
2021-11-21,2021,IND,1552.6554304661079
2021-11-21,2021,HOU,1330.2641457883565
2021-11-21,2021,DET,1275.5041302651146
2021-11-21,2021,DAL,1544.1763335928522
2021-11-21,2021,CIN,1472.4367643429525
2021-11-21,2021,BAL,1561.0699389905622
2021-11-21,2021,MIA,1459.9476368606204
2021-11-22,2021,NYG,1431.325966510013
2021-11-22,2021,TB,1615.8581450656495
2021-11-25,2021,NO,1576.1368364483471
2021-11-25,2021,BUF,1604.8776564862203
2021-11-25,2021,DET,1271.572231270532
2021-11-25,2021,DAL,1529.9541074441777
2021-11-25,2021,LV,1433.7093129744426
2021-11-25,2021,CHI,1426.0414353429528
2021-11-28,2021,DEN,1445.4017887389998
2021-11-28,2021,ATL,1397.1083724680655
2021-11-28,2021,CAR,1451.6492614429685
2021-11-28,2021,CLE,1519.0443072643716
2021-11-28,2021,LAC,1521.0522408931542
2021-11-28,2021,LA,1565.2565531503005
2021-11-28,2021,MIN,1528.722948908237
2021-11-28,2021,NYJ,1304.7062167148147
2021-11-28,2021,PHI,1495.7955870138085
2021-11-28,2021,PIT,1516.6481237392047
2021-11-28,2021,TB,1627.2986971011399
2021-11-28,2021,TEN,1592.8338028748574
2021-11-28,2021,NE,1590.4279283655771
2021-11-28,2021,NYG,1419.8854144745226
2021-11-28,2021,CIN,1506.820986102281
2021-11-28,2021,HOU,1379.1367934263253
2021-11-28,2021,SF,1522.6574967630022
2021-11-28,2021,JAX,1287.2646622932168
2021-11-28,2021,GB,1646.0054204923956
2021-11-28,2021,MIA,1474.713717771442
2021-11-28,2021,BAL,1571.5624711966768
2021-11-28,2021,IND,1602.410325471129
2021-11-29,2021,SEA,1484.041198790258
2021-11-29,2021,WAS,1458.8994807265785
2021-12-02,2021,NO,1541.4480063042238
2021-12-02,2021,DAL,1509.2902121997533
2021-12-05,2021,SEA,1473.8823789434962
2021-12-05,2021,NYJ,1334.1794804266244
2021-12-05,2021,MIA,1499.2891885815413
2021-12-05,2021,DET,1264.2075723541054
2021-12-05,2021,CIN,1537.1593676490952
2021-12-05,2021,LA,1551.8573832483914
2021-12-05,2021,HOU,1349.6635297145156
2021-12-05,2021,KC,1645.533791991159
2021-12-05,2021,ATL,1413.7715592250954
2021-12-05,2021,PIT,1486.3097421923906
2021-12-05,2021,CHI,1433.4060942593794
2021-12-05,2021,LV,1454.373208218867
2021-12-05,2021,JAX,1270.6014755361869
2021-12-05,2021,MIN,1509.7515088414968
2021-12-05,2021,WAS,1469.0583005733404
2021-12-05,2021,TB,1649.709767795799
2021-12-05,2021,SF,1541.6289368297423
2021-12-05,2021,PHI,1474.5065702614118
2021-12-05,2021,NYG,1441.1744312269193
2021-12-05,2021,LAC,1490.7435206205178
2021-12-05,2021,IND,1579.9992547764698
2021-12-05,2021,BAL,1584.9328675346137
2021-12-05,2021,ARI,1602.830831858841
2021-12-05,2021,DEN,1475.7105090116363
2021-12-06,2021,BUF,1639.5664866303437
2021-12-06,2021,NE,1617.5005995323095
2021-12-09,2021,MIN,1491.4738759240865
2021-12-09,2021,PIT,1494.4309508317767
2021-12-12,2021,CLE,1505.6739109264347
2021-12-12,2021,LV,1442.1517940474853
2021-12-12,2021,JAX,1262.7974157384779
2021-12-12,2021,DET,1282.4852052715157
2021-12-12,2021,DAL,1539.8175772359555
2021-12-12,2021,CHI,1417.7675128897092
2021-12-12,2021,BUF,1619.6349339716048
2021-12-12,2021,BAL,1576.8116588952275
2021-12-12,2021,ATL,1401.461397283195
2021-12-12,2021,CIN,1497.556149810399
2021-12-12,2021,HOU,1333.065823357479
2021-12-12,2021,LAC,1530.346738459214
2021-12-12,2021,NYJ,1314.4795119143796
2021-12-12,2021,KC,1656.1968837456661
2021-12-12,2021,SEA,1496.0564050076123
2021-12-12,2021,TEN,1565.761131708125
2021-12-12,2021,DEN,1465.0474172571292
2021-12-12,2021,NO,1510.9206412680217
2021-12-12,2021,WAS,1481.279714744722
2021-12-12,2021,GB,1659.4045903943047
2021-12-12,2021,SF,1519.4549107656262
2021-12-12,2021,CAR,1427.073790632869
2021-12-12,2021,TB,1662.0199297376994
2021-12-12,2021,NYG,1424.4919925445724
2021-12-13,2021,LA,1559.6614430461004
2021-12-13,2021,ARI,1618.4694132285113
2021-12-16,2021,LAC,1545.8115536491678
2021-12-16,2021,KC,1668.140424964351
2021-12-18,2021,NE,1637.4321521910483
2021-12-18,2021,IND,1596.5969611335063
2021-12-19,2021,GB,1667.1852359449356
2021-12-19,2021,SF,1534.5362872303267
2021-12-19,2021,NO,1528.2072035906908
2021-12-19,2021,NYJ,1297.1929495917104
2021-12-19,2021,TEN,1571.9097311648804
2021-12-19,2021,CIN,1482.4747733456984
2021-12-19,2021,DET,1269.707345943299
2021-12-19,2021,CAR,1399.5952011793781
2021-12-19,2021,ATL,1428.939986736686
2021-12-19,2021,ARI,1590.0991138981567
2021-12-19,2021,HOU,1313.3738197284495
2021-12-19,2021,DAL,1559.885359491051
2021-12-19,2021,PIT,1475.6754231546904
2021-12-19,2021,BUF,1605.6994329558659
2021-12-19,2021,DEN,1477.8252765853458
2021-12-19,2021,NYG,1409.0271773546187
2021-12-19,2021,BAL,1564.9704502673653
2021-12-19,2021,JAX,1256.6488162817225
2021-12-19,2021,TB,1675.9554307534383
2021-12-19,2021,MIA,1515.9716272638882
2021-12-20,2021,LV,1430.2082528288004
2021-12-20,2021,MIN,1510.2294036011729
2021-12-20,2021,CLE,1517.515119554297
2021-12-20,2021,CHI,1409.9868673390783
2021-12-21,2021,SEA,1515.748408636642
2021-12-21,2021,WAS,1461.2119324896264
2021-12-21,2021,LA,1588.031742376455
2021-12-21,2021,PHI,1494.2065387736566
2021-12-23,2021,TEN,1549.2699862085221
2021-12-23,2021,SF,1550.6269171295241
2021-12-25,2021,GB,1672.9028955491908
2021-12-25,2021,ARI,1534.4824987282536
2021-12-25,2021,IND,1620.005255987661
2021-12-25,2021,CLE,1501.467469560088
2021-12-26,2021,DEN,1457.2787183429566
2021-12-26,2021,WAS,1443.3803550144098
2021-12-26,2021,PIT,1498.3151681110487
2021-12-26,2021,CHI,1391.7274253564053
2021-12-26,2021,NYG,1390.1599563023194
2021-12-26,2021,LA,1603.1964844160575
2021-12-26,2021,JAX,1230.3525213398502
2021-12-26,2021,DET,1325.3239611132021
2021-12-26,2021,TB,1637.7779345168105
2021-12-26,2021,LAC,1530.9550193322762
2021-12-26,2021,BUF,1615.4444578925775
2021-12-26,2021,DAL,1578.7525805433504
2021-12-26,2021,CAR,1389.8501762426665
2021-12-26,2021,KC,1682.9969592812427
2021-12-26,2021,PHI,1512.0381162488732
2021-12-26,2021,MIN,1528.488845583846
2021-12-26,2021,HOU,1339.6701146703217
2021-12-26,2021,NYJ,1290.6218602644924
2021-12-26,2021,ATL,1412.8493568374886
2021-12-26,2021,LV,1446.2559028230094
2021-12-26,2021,SEA,1500.5836665970394
2021-12-26,2021,NE,1614.0238573368936
2021-12-26,2021,CIN,1503.0213315880876
2021-12-26,2021,BAL,1559.25279066311
2021-12-27,2021,NO,1566.3846998273186
2021-12-27,2021,MIA,1522.5427165911062
2022-01-02,2021,PHI,1528.371837513198
2022-01-02,2021,BUF,1645.1409767842536
2022-01-02,2021,NYG,1373.8262350379946
2022-01-02,2021,MIN,1509.5200497162666
2022-01-02,2021,TB,1652.2999325461935
2022-01-02,2021,MIA,1560.4982944903093
2022-01-02,2021,LV,1460.405981416726
2022-01-02,2021,LA,1622.1652802836368
2022-01-02,2021,KC,1695.3726784074972
2022-01-02,2021,JAX,1218.4311875337253
2022-01-02,2021,HOU,1377.820848658409
2022-01-02,2021,DET,1315.7944542880823
2022-01-02,2021,DEN,1443.12863974924
2022-01-02,2021,CAR,1375.3281782132835
2022-01-02,2021,DAL,1596.67799967823
2022-01-02,2021,ATL,1422.3788636626084
2022-01-02,2021,CIN,1534.3047799057626
2022-01-02,2021,NO,1528.4291219281156
2022-01-02,2021,LAC,1492.8042853441889
2022-01-02,2021,SEA,1489.9621560158398
2022-01-02,2021,SF,1538.8633702140253
2022-01-02,2021,NE,1584.3273384452175
2022-01-02,2021,BAL,1527.969342345435
2022-01-02,2021,WAS,1425.4549358795302
2022-01-02,2021,TEN,1561.033533124021
2022-01-02,2021,GB,1677.3069285119782
2022-01-02,2021,CHI,1402.348935937605
2022-01-02,2021,ARI,1517.4080497219245
2022-01-02,2021,NYJ,1302.5431940706173
2022-01-02,2021,IND,1637.0797049939902
2022-01-03,2021,PIT,1485.9394489847941
2022-01-03,2021,CLE,1497.0634365973006
2022-01-08,2021,KC,1676.1638080061407
2022-01-08,2021,DAL,1576.8026755902838
2022-01-08,2021,DEN,1421.6402742404375
2022-01-08,2021,PHI,1541.6127359856928
2022-01-09,2021,WAS,1412.2140374070354
2022-01-09,2021,MIN,1495.9216623343827
2022-01-09,2021,NE,1589.6101971837477
2022-01-09,2021,LAC,1514.2926508529913
2022-01-09,2021,IND,1612.8483187787226
2022-01-09,2021,GB,1690.905315893862
2022-01-09,2021,CIN,1553.5136503071192
2022-01-09,2021,TB,1656.537029152322
2022-01-09,2021,CHI,1427.295645863367
2022-01-09,2021,CAR,1365.701133886521
2022-01-09,2021,PIT,1508.4986086264817
2022-01-09,2021,TEN,1590.236401448245
2022-01-09,2021,SEA,1502.364041689546
2022-01-09,2021,NO,1538.0561662548782
2022-01-09,2021,SF,1550.8108126552638
2022-01-09,2021,NYJ,1298.3060974644889
2022-01-09,2021,CLE,1474.504276955613
2022-01-09,2021,DET,1303.3925686143762
2022-01-09,2021,JAX,1213.148328795195
2022-01-09,2021,LV,1484.6373676319936
2022-01-09,2021,MIA,1531.2954261660852
2022-01-09,2021,NYG,1348.8795251122324
2022-01-09,2021,HOU,1365.8734062171704
2022-01-09,2021,LA,1628.0568074278342
2022-01-09,2021,ARI,1537.2833738098707
2022-01-09,2021,ATL,1413.995163423173
2022-01-09,2021,BUF,1653.524677023689
2022-01-09,2021,BAL,1522.0778152012376
2022-01-15,2021,LV,1497.6604296699502
2022-01-15,2021,NE,1565.789263494404
2022-01-15,2021,BUF,1657.891664819705
2022-01-15,2021,CIN,1533.7221399001362
2022-01-16,2021,PHI,1507.6331895465428
2022-01-16,2021,DAL,1610.7822220294338
2022-01-16,2021,KC,1683.0338536984252
2022-01-16,2021,TB,1663.4822977787924
2022-01-16,2021,PIT,1525.2624286270432
2022-01-16,2021,SF,1570.5914984357375
2022-01-17,2021,ARI,1509.102396956678
2022-01-17,2021,LA,1608.2761216473605
2022-01-22,2021,CIN,1548.9976206851145
2022-01-22,2021,SF,1595.9011285360668
2022-01-22,2021,GB,1647.8289041186729
2022-01-22,2021,TEN,1597.0630677977356
2022-01-23,2021,LA,1626.150036161854
2022-01-23,2021,TB,1675.7330695487879
2022-01-23,2021,KC,1696.2762531125036
2022-01-23,2021,BUF,1677.819767676852
2022-01-30,2021,SF,1614.4891421962932
2022-01-30,2021,CIN,1567.4025355051983
2022-01-30,2021,LA,1644.626922466613
2022-01-30,2021,KC,1711.5952629856563
2022-02-13,2021,CIN,1590.231440455417
2022-02-13,2021,LA,1655.0533159076733
2022-09-08,2022,LA,1612.096980849492
2022-09-08,2022,BUF,1608.3338385357995
2022-09-11,2022,DAL,1556.9817279527363
2022-09-11,2022,CHI,1439.933903694899
2022-09-11,2022,CIN,1551.4261900592348
2022-09-11,2022,DET,1397.645986926377
2022-09-11,2022,TEN,1552.4387686517678
2022-09-11,2022,ATL,1430.5413813697676
2022-09-11,2022,MIA,1536.7442399036192
2022-09-11,2022,LAC,1500.8463925433564
2022-09-11,2022,ARI,1494.152321628123
2022-09-11,2022,WAS,1459.022365422755
2022-09-11,2022,HOU,1406.0311599117865
2022-09-11,2022,MIN,1508.8776351036008
2022-09-11,2022,LV,1488.2566325899813
2022-09-11,2022,NYJ,1362.6260731123152
2022-09-11,2022,GB,1586.1605936389644
2022-09-11,2022,IND,1536.362848076025
2022-09-11,2022,BAL,1503.5426634671173
2022-09-11,2022,JAX,1347.6349169732532
2022-09-11,2022,TB,1604.8374554960192
2022-09-11,2022,SF,1569.375165836822
2022-09-11,2022,PIT,1508.0133528086433
2022-09-11,2022,PHI,1496.9216118510315
2022-09-11,2022,NYG,1381.706676256757
2022-09-11,2022,NO,1537.4928384155999
2022-09-11,2022,NE,1530.5741070915046
2022-09-11,2022,KC,1625.8442386902918
2022-09-11,2022,CAR,1405.8372435067004
2022-09-11,2022,CLE,1496.197191575064
2022-09-12,2022,SEA,1520.363345695159
2022-09-12,2022,DEN,1443.1801523654353
2022-09-15,2022,LAC,1515.2732812552313
2022-09-15,2022,KC,1649.2246127962603
2022-09-18,2022,MIA,1558.5170615613647
2022-09-18,2022,NE,1508.8012854337592
2022-09-18,2022,NYJ,1342.9732443548792
2022-09-18,2022,SEA,1524.6558567982777
2022-09-18,2022,TB,1633.1832127095443
2022-09-18,2022,WAS,1469.3816676753202
2022-09-18,2022,DEN,1438.8876412623167
2022-09-18,2022,DAL,1528.6359707392112
2022-09-18,2022,GB,1555.0318403447766
2022-09-18,2022,NYG,1393.6962230220145
2022-09-18,2022,LA,1575.7601420489925
2022-09-18,2022,LV,1473.8297438781065
2022-09-18,2022,IND,1536.362848076025
2022-09-18,2022,HOU,1406.0311599117865
2022-09-18,2022,JAX,1337.275614720688
2022-09-18,2022,CHI,1469.3493632594962
2022-09-18,2022,DET,1386.0837364832269
2022-09-18,2022,NO,1543.108876433794
2022-09-18,2022,SF,1539.9597062722248
2022-09-18,2022,CLE,1505.6681070833938
2022-09-18,2022,CIN,1533.2421320137908
2022-09-18,2022,BAL,1523.1954922245534
2022-09-18,2022,ARI,1470.7719475221545
2022-09-18,2022,ATL,1424.9253433515735
2022-09-18,2022,CAR,1396.3663279983705
2022-09-18,2022,PIT,1526.1974108540874
2022-09-19,2022,BUF,1644.670677336299
2022-09-19,2022,MIN,1540.0063883977887
2022-09-19,2022,TEN,1540.4492218865103
2022-09-19,2022,PHI,1508.4838622941816
2022-09-22,2022,CLE,1493.850739462002
2022-09-22,2022,PIT,1509.2517794754224
2022-09-25,2022,NYJ,1354.790611976271
2022-09-25,2022,MIN,1512.677120880702
2022-09-25,2022,TB,1653.8766780913
2022-09-25,2022,CHI,1452.0970738224994
2022-09-25,2022,TEN,1520.8997082978312
2022-09-25,2022,IND,1487.651405975243
2022-09-25,2022,ARI,1493.60007143142
2022-09-25,2022,CAR,1384.5454514447713
2022-09-25,2022,WAS,1443.6110294299335
2022-09-25,2022,MIA,1575.2951784701688
2022-09-25,2022,LAC,1508.6222384309822
2022-09-25,2022,DEN,1454.3595796855916
2022-09-25,2022,SF,1564.220213320132
2022-09-25,2022,LA,1582.8887852073328
2022-09-25,2022,JAX,1385.98705682147
2022-09-25,2022,KC,1655.8756556205094
2022-09-25,2022,DET,1411.8543747286135
2022-09-25,2022,LV,1451.001619968841
2022-09-25,2022,NO,1522.4154110520383
2022-09-25,2022,PHI,1535.8131298112683
2022-09-25,2022,CIN,1521.3365200741086
2022-09-25,2022,HOU,1390.5592214885116
2022-09-25,2022,GB,1572.2841297817733
2022-09-25,2022,BUF,1664.220190924978
2022-09-25,2022,BAL,1506.4173753157493
2022-09-25,2022,ATL,1417.7967001932332
2022-09-25,2022,SEA,1500.3953497503705
2022-09-25,2022,NE,1525.7469168124242
2022-09-26,2022,DAL,1540.5415826788933
2022-09-26,2022,NYG,1405.5170995756137
2022-09-29,2022,CIN,1539.0011990791768
2022-09-29,2022,MIA,1587.8020798039156
2022-10-02,2022,BAL,1536.9572042199216
2022-10-02,2022,NYG,1390.4220482039009
2022-10-02,2022,ATL,1441.0516262449246
2022-10-02,2022,CAR,1413.2503207468983
2022-10-02,2022,CLE,1516.7611665189277
2022-10-02,2022,HOU,1381.3844554711104
2022-10-02,2022,ARI,1474.583643404721
2022-10-02,2022,WAS,1419.351516126271
2022-10-02,2022,TEN,1527.9184824065173
2022-10-02,2022,SEA,1477.1404236986791
2022-10-02,2022,NYJ,1337.125932971203
2022-10-02,2022,NE,1495.2070879082519
2022-10-02,2022,MIN,1521.6625296468408
2022-10-02,2022,LAC,1455.504458550278
2022-10-02,2022,BUF,1651.7132895912312
2022-10-02,2022,JAX,1439.1048367021742
2022-10-02,2022,DEN,1462.7481914103037
2022-10-02,2022,CHI,1461.2718398399006
2022-10-02,2022,KC,1636.3302876786443
2022-10-02,2022,NO,1493.7105417499113
2022-10-02,2022,PHI,1560.0726431149308
2022-10-02,2022,TB,1638.0399106695386
2022-10-02,2022,GB,1588.1208972035347
2022-10-02,2022,PIT,1486.3413524184966
2022-10-02,2022,DET,1402.8689659624747
2022-10-02,2022,IND,1507.1967739171082
2022-10-02,2022,DAL,1555.636634050606
2022-10-02,2022,LV,1443.9828458601548
2022-10-03,2022,LA,1601.9052132340319
2022-10-03,2022,SF,1555.83160159542
2022-10-06,2022,IND,1484.4915408864226
2022-10-06,2022,DEN,1441.931887286264
2022-10-09,2022,SEA,1489.8058642321787
2022-10-09,2022,PIT,1459.5817969665982
2022-10-09,2022,NYG,1414.083011686436
2022-10-09,2022,MIA,1562.0840988840882
2022-10-09,2022,LAC,1477.4238335529672
2022-10-09,2022,HOU,1359.4650804684213
2022-10-09,2022,DET,1390.2035254289751
2022-10-09,2022,DAL,1568.7939653334831
2022-10-09,2022,CIN,1564.7191799990042
2022-10-09,2022,CHI,1437.6108763573654
2022-10-09,2022,ATL,1456.2087712358953
2022-10-09,2022,PHI,1571.2689528291994
2022-10-09,2022,BUF,1662.6141439359433
2022-10-09,2022,CAR,1390.3300527172958
2022-10-09,2022,NO,1478.9137143425062
2022-10-09,2022,ARI,1497.5039114343235
2022-10-09,2022,GB,1596.137100582468
2022-10-09,2022,NYJ,1363.8854884231014
2022-10-09,2022,CLE,1501.604021527957
2022-10-09,2022,JAX,1427.9085269879056
2022-10-09,2022,NE,1487.1908845293185
2022-10-09,2022,LA,1574.3571750705428
2022-10-09,2022,BAL,1526.0563498752094
2022-10-09,2022,MIN,1536.4593570542459
2022-10-09,2022,TB,1610.0202584249691
2022-10-09,2022,WAS,1406.194184843394
2022-10-09,2022,TEN,1550.623715437203
2022-10-09,2022,SF,1583.379639758909
2022-10-10,2022,KC,1664.3499399232137
2022-10-10,2022,LV,1464.7991499841944
2022-10-13,2022,CHI,1425.898788346986
2022-10-13,2022,WAS,1394.9483935726498
2022-10-16,2022,ARI,1484.8157283019732
2022-10-16,2022,NE,1506.50673275721
2022-10-16,2022,MIN,1548.1714450646252
2022-10-16,2022,JAX,1398.8568995074015
2022-10-16,2022,DAL,1599.1047123530418
2022-10-16,2022,CIN,1554.073415414129
2022-10-16,2022,CAR,1372.528087903007
2022-10-16,2022,IND,1498.6064452405237
2022-10-16,2022,BAL,1536.7021144600847
2022-10-16,2022,NYJ,1411.8856241007131
2022-10-16,2022,SEA,1471.5322146365477
2022-10-16,2022,NYG,1445.6947166122475
2022-10-16,2022,KC,1666.7657964628752
2022-10-16,2022,LA,1544.046428050984
2022-10-16,2022,BUF,1674.8859381581483
2022-10-16,2022,SF,1601.1816045731978
2022-10-16,2022,TB,1618.5171585262024
2022-10-16,2022,PHI,1583.9571359615497
2022-10-16,2022,NO,1497.1873639381372
2022-10-16,2022,MIA,1514.0839632064765
2022-10-16,2022,CLE,1487.9187956981852
2022-10-16,2022,GB,1564.5253956566567
2022-10-16,2022,ATL,1447.711871134662
2022-10-16,2022,PIT,1447.3100027443932
2022-10-17,2022,DEN,1427.816982932163
2022-10-17,2022,LAC,1491.109059382739
2022-10-20,2022,ARI,1463.5602755523992
2022-10-20,2022,NO,1481.5676166717144
2022-10-23,2022,CIN,1569.6931626805517
2022-10-23,2022,DAL,1578.5564930506403
2022-10-23,2022,WAS,1417.6848061436679
2022-10-23,2022,LV,1462.383293444533
2022-10-23,2022,TEN,1561.869506707947
2022-10-23,2022,SF,1564.3585976731156
2022-10-23,2022,JAX,1387.1917460939105
2022-10-23,2022,DEN,1418.7095043780766
2022-10-23,2022,CAR,1361.6766738781969
2022-10-23,2022,BAL,1518.2651821159398
2022-10-23,2022,MIA,1491.0869125606898
2022-10-23,2022,ATL,1484.5348780347442
2022-10-23,2022,TB,1602.9169817861873
2022-10-23,2022,LAC,1500.2165379368253
2022-10-23,2022,PIT,1462.9101794844082
2022-10-23,2022,NYJ,1460.2547250509388
2022-10-23,2022,NYG,1464.1316489563924
2022-10-23,2022,SEA,1492.7876673861217
2022-10-23,2022,IND,1510.2715986540147
2022-10-23,2022,HOU,1388.5167079489254
2022-10-23,2022,GB,1516.156294706431
2022-10-23,2022,DET,1370.8876772010835
2022-10-23,2022,CLE,1452.9872896898996
2022-10-23,2022,KC,1648.5010302549308
2022-10-24,2022,CHI,1403.162375775968
2022-10-24,2022,NE,1541.4382387654957
2022-10-27,2022,BAL,1527.2968403940706
2022-10-27,2022,TB,1554.331299338263
2022-10-30,2022,LA,1554.8978420757942
2022-10-30,2022,HOU,1370.021082310531
2022-10-30,2022,IND,1494.3903851518364
2022-10-30,2022,DEN,1397.466480677907
2022-10-30,2022,JAX,1369.581421591387
2022-10-30,2022,ATL,1466.9196474062712
2022-10-30,2022,CHI,1451.9299023932565
2022-10-30,2022,CAR,1410.262356326121
2022-10-30,2022,ARI,1483.3703754271364
2022-10-30,2022,MIN,1571.168495710412
2022-10-30,2022,MIA,1505.835904955546
2022-10-30,2022,NE,1492.6707121482073
2022-10-30,2022,NYG,1481.741973458916
2022-10-30,2022,PIT,1448.161187089552
2022-10-30,2022,SEA,1524.9628826068206
2022-10-30,2022,SF,1537.0999365048506
2022-10-30,2022,TEN,1577.7507202101253
2022-10-30,2022,PHI,1604.5053552639513
2022-10-30,2022,LV,1480.8789190829273
2022-10-30,2022,GB,1503.2901965904066
2022-10-30,2022,DAL,1588.4051365313285
2022-10-30,2022,BUF,1693.1507043660927
2022-10-30,2022,NO,1461.7575167969771
2022-10-30,2022,DET,1361.0390337203953
2022-10-30,2022,NYJ,1481.4977487511085
2022-10-30,2022,WAS,1430.5509042596923
2022-10-31,2022,CIN,1587.3083933090247
2022-10-31,2022,CLE,1443.9556314117688
2022-11-03,2022,PHI,1618.0309119112696
2022-11-03,2022,HOU,1358.9680861837892
2022-11-06,2022,MIA,1517.0647964387988
2022-11-06,2022,KC,1675.7596914231958
2022-11-06,2022,ARI,1470.3760932282116
2022-11-06,2022,WAS,1440.1263960619085
2022-11-06,2022,CHI,1437.4950020619326
2022-11-06,2022,JAX,1352.3991909773208
2022-11-06,2022,TB,1531.835923445892
2022-11-06,2022,ATL,1476.2831335173516
2022-11-06,2022,NE,1512.8176839036366
2022-11-06,2022,DET,1349.8101422371426
2022-11-06,2022,CIN,1547.6090986113784
2022-11-06,2022,NYJ,1461.350776995679
2022-11-06,2022,LA,1519.5269291535674
2022-11-06,2022,IND,1484.8148933496202
2022-11-06,2022,BUF,1701.925173764442
2022-11-06,2022,GB,1494.5157271920573
2022-11-06,2022,CAR,1400.8988702150407
2022-11-06,2022,TEN,1588.8037163368672
2022-11-06,2022,SEA,1544.2908470237835
2022-11-06,2022,MIN,1584.1627779093367
2022-11-06,2022,LV,1451.7419926891912
2022-11-06,2022,LAC,1468.0413227161264
2022-11-07,2022,BAL,1549.7922162864418
2022-11-07,2022,NO,1490.8944431907132
2022-11-10,2022,CAR,1386.9357041494281
2022-11-10,2022,ATL,1459.7734356536005
2022-11-13,2022,TB,1543.0100550818406
2022-11-13,2022,NO,1464.7923756680214
2022-11-13,2022,ARI,1448.440774518141
2022-11-13,2022,LA,1508.3527975176187
2022-11-13,2022,MIA,1529.493190368543
2022-11-13,2022,GB,1468.638543472348
2022-11-13,2022,TEN,1580.5749790852753
2022-11-13,2022,CHI,1425.0666081321883
2022-11-13,2022,NYG,1462.414009041953
2022-11-13,2022,LV,1427.3270398603086
2022-11-13,2022,KC,1683.9884286747877
2022-11-13,2022,SF,1572.4708494270774
2022-11-13,2022,BUF,1679.0794663855231
2022-11-13,2022,PIT,1434.6356304422336
2022-11-13,2022,SEA,1566.226165733854
2022-11-13,2022,MIN,1593.8649680630988
2022-11-13,2022,LAC,1484.5510205798776
2022-11-13,2022,JAX,1376.8141438062034
2022-11-13,2022,IND,1460.7103834389102
2022-11-13,2022,HOU,1348.257319487303
2022-11-13,2022,DET,1375.687325956852
2022-11-13,2022,DEN,1414.648711291973
2022-11-13,2022,DAL,1602.8400368626524
2022-11-13,2022,CLE,1483.654926109415
2022-11-14,2022,PHI,1628.7416786077558
2022-11-14,2022,WAS,1430.4242059081464
2022-11-17,2022,GB,1486.5749032344027
2022-11-17,2022,TEN,1589.1382969980336
2022-11-20,2022,NE,1536.9221938143467
2022-11-20,2022,DEN,1406.0853933792148
2022-11-20,2022,NO,1442.2268481278745
2022-11-20,2022,LAC,1473.049129990525
2022-11-20,2022,NYG,1473.9648794000277
2022-11-20,2022,BAL,1575.8942838091336
2022-11-20,2022,MIN,1614.0175324387785
2022-11-20,2022,BUF,1658.9269020098434
2022-11-20,2022,PIT,1457.2011579823804
2022-11-20,2022,ATL,1433.7898203181198
2022-11-20,2022,HOU,1336.7064491292283
2022-11-20,2022,IND,1479.5062073005922
2022-11-20,2022,DAL,1584.9036771005976
2022-11-20,2022,CAR,1412.9193194849088
2022-11-20,2022,PHI,1583.6900014778041
2022-11-20,2022,NYJ,1484.196484374598
2022-11-20,2022,LV,1408.5312159986265
2022-11-20,2022,LA,1475.5475564848039
2022-11-20,2022,KC,1688.7206382112477
2022-11-20,2022,DET,1384.9209386959114
2022-11-20,2022,WAS,1475.4758830380981
2022-11-20,2022,CLE,1461.512938645191
2022-11-20,2022,CIN,1561.572264676991
2022-11-20,2022,CHI,1415.8329953931288
2022-11-21,2022,ARI,1481.246015550956
2022-11-21,2022,SF,1583.97274001643
2022-11-24,2022,DAL,1630.8331083170356
2022-11-24,2022,MIN,1568.0881012223406
2022-11-24,2022,DET,1423.6237674458011
2022-11-24,2022,BUF,1666.667966257287
2022-11-24,2022,NE,1551.1978638301005
2022-11-24,2022,NYG,1435.262050650138
2022-11-27,2022,SF,1611.6954737194328
2022-11-27,2022,JAX,1372.0819342697434
2022-11-27,2022,NYJ,1469.9208143588442
2022-11-27,2022,TEN,1608.8921794727892
2022-11-27,2022,CLE,1453.7718743977475
2022-11-27,2022,SEA,1549.7699232827847
2022-11-27,2022,KC,1695.826927052794
2022-11-27,2022,ARI,1453.523281847953
2022-11-27,2022,MIA,1551.635177832767
2022-11-27,2022,WAS,1494.3459166980178
2022-11-27,2022,PHI,1589.3653178533218
2022-11-27,2022,CAR,1402.9018694522476
2022-11-27,2022,HOU,1317.8364154693086
2022-11-27,2022,DEN,1383.6243348372823
2022-11-27,2022,GB,1466.8210207596471
2022-11-27,2022,BAL,1585.9117338417948
2022-11-27,2022,CIN,1578.5861514622682
2022-11-27,2022,LAC,1465.9428411489787
2022-11-27,2022,LA,1455.7632002258313
2022-11-27,2022,LV,1430.992274540559
2022-11-27,2022,NO,1462.011204386847
2022-11-27,2022,TB,1559.46629753291
2022-11-27,2022,ATL,1444.7243799613325
2022-11-27,2022,CHI,1404.8984357499162
2022-11-28,2022,PIT,1440.1872711971032
2022-11-28,2022,IND,1473.8308909250745
2022-12-01,2022,BUF,1672.9203269317065
2022-12-01,2022,NE,1534.7284406222586
2022-12-04,2022,SEA,1519.3184736227474
2022-12-04,2022,PIT,1466.7665257589674
2022-12-04,2022,NYJ,1490.0805514846622
2022-12-04,2022,MIA,1559.7412355714694
2022-12-04,2022,LAC,1473.7072584709924
2022-12-04,2022,GB,1456.3015291139827
2022-12-04,2022,TEN,1588.5049449453156
2022-12-04,2022,IND,1447.2516363632103
2022-12-04,2022,PHI,1599.8848094989862
2022-12-04,2022,DEN,1362.9144345791121
2022-12-04,2022,CLE,1477.0432207154902
2022-12-04,2022,KC,1703.8435309685435
2022-12-04,2022,JAX,1382.907506667072
2022-12-04,2022,NYG,1427.4488430302297
2022-12-04,2022,LA,1447.7465963100817
2022-12-04,2022,ATL,1431.1937634995131
2022-12-04,2022,MIN,1584.5575244301824
2022-12-04,2022,SF,1623.449044383613
2022-12-04,2022,LV,1461.4437242005963
2022-12-04,2022,CIN,1598.9733859897417
2022-12-04,2022,DET,1417.3714067713815
2022-12-04,2022,DAL,1638.646315936944
2022-12-04,2022,CHI,1384.738698624098
2022-12-04,2022,BAL,1575.0861614444661
2022-12-04,2022,HOU,1309.7303577306063
2022-12-04,2022,WAS,1507.8765331598372
2022-12-05,2022,TB,1536.1949512151673
2022-12-05,2022,NO,1450.257633722667
2022-12-08,2022,LA,1432.9015304405532
2022-12-08,2022,LV,1479.8084684338864
2022-12-11,2022,MIA,1541.1604988065335
2022-12-11,2022,BUF,1692.3290013414776
2022-12-11,2022,DET,1441.737435026086
2022-12-11,2022,LAC,1455.3425142377023
2022-12-11,2022,DEN,1360.6486122241279
2022-12-11,2022,TEN,1562.150107633499
2022-12-11,2022,DAL,1651.6589908999954
2022-12-11,2022,CIN,1615.5129904589214
2022-12-11,2022,SEA,1534.163539492276
2022-12-11,2022,PIT,1481.2066829924122
2022-12-11,2022,BAL,1577.3519837994504
2022-12-11,2022,TB,1540.3276671949136
2022-12-11,2022,CAR,1423.6117697104178
2022-12-11,2022,PHI,1626.239646810803
2022-12-11,2022,NYG,1427.4488430302297
2022-12-11,2022,NYJ,1479.791065966518
2022-12-11,2022,CLE,1493.8023275276003
2022-12-11,2022,HOU,1292.9712509184963
2022-12-11,2022,JAX,1358.5414784123677
2022-12-11,2022,KC,1687.3039264993638
2022-12-11,2022,MIN,1594.8470099483266
2022-12-11,2022,SF,1642.0297811485489
2022-12-12,2022,NE,1515.3197662124876
2022-12-12,2022,ARI,1445.7588645259393
2022-12-15,2022,SEA,1504.2365797597645
2022-12-15,2022,SF,1660.7554756691852
2022-12-17,2022,CLE,1480.4004793478884
2022-12-17,2022,MIN,1561.088742448645
2022-12-17,2022,BUF,1699.4980556458697
2022-12-17,2022,BAL,1586.6225150867785
2022-12-17,2022,IND,1434.2389614001588
2022-12-17,2022,MIA,1519.2143671879605
2022-12-18,2022,NE,1540.4753453836565
2022-12-18,2022,KC,1693.0868879919972
2022-12-18,2022,DET,1475.4957025257675
2022-12-18,2022,ARI,1420.6032853547704
2022-12-18,2022,CIN,1628.9148386386332
2022-12-18,2022,ATL,1416.7536062660683
2022-12-18,2022,DAL,1654.043612539252
2022-12-18,2022,NYG,1409.2096353552975
2022-12-18,2022,PIT,1471.936151705084
2022-12-18,2022,TEN,1512.6298096901949
2022-12-18,2022,LAC,1477.2886458562753
2022-12-18,2022,CAR,1453.5387294429293
2022-12-18,2022,CHI,1363.4995339782947
2022-12-18,2022,LV,1472.902234895302
2022-12-18,2022,HOU,1290.5866292792396
2022-12-18,2022,NYJ,1472.622011662126
2022-12-18,2022,JAX,1408.0617763556718
2022-12-18,2022,TB,1521.6019726742772
2022-12-18,2022,NO,1446.1249177429206
2022-12-18,2022,DEN,1354.8656507314945
2022-12-18,2022,PHI,1644.4788544857352
2022-12-18,2022,WAS,1507.8765331598372
2022-12-19,2022,GB,1477.540693759786
2022-12-19,2022,LA,1439.8077639791377
2022-12-22,2022,NYJ,1456.6407442351394
2022-12-22,2022,JAX,1440.46280982321
2022-12-24,2022,KC,1696.9413407973798
2022-12-24,2022,CHI,1356.7815057350888
2022-12-24,2022,ATL,1406.2955917103484
2022-12-24,2022,BUF,1704.818349919961
2022-12-24,2022,CIN,1649.0204491031154
2022-12-24,2022,DET,1491.476969952754
2022-12-24,2022,HOU,1286.732176473857
2022-12-24,2022,LV,1493.640934387643
2022-12-24,2022,NO,1456.5829322986406
2022-12-24,2022,NYG,1442.1381756556204
2022-12-24,2022,BAL,1557.902384089097
2022-12-24,2022,PHI,1651.196882728941
2022-12-24,2022,WAS,1474.9479928595142
2022-12-24,2022,DAL,1621.642579071714
2022-12-24,2022,MIN,1567.963525532848
2022-12-24,2022,CLE,1509.12061034557
2022-12-24,2022,PIT,1496.1011403772764
2022-12-24,2022,TEN,1499.3481626778157
2022-12-24,2022,CAR,1429.373740770737
2022-12-24,2022,NE,1519.7366458913154
2022-12-24,2022,SEA,1489.6327618672292
2022-12-24,2022,SF,1675.3592935617205
2022-12-25,2022,DEN,1379.262723447944
2022-12-25,2022,TB,1501.496362209795
2022-12-25,2022,GB,1496.2569832144186
2022-12-25,2022,ARI,1396.206212638321
2022-12-25,2022,LA,1421.0914745245052
2022-12-25,2022,MIA,1513.8940729138692
2022-12-26,2022,IND,1427.3641783159558
2022-12-26,2022,LAC,1490.5702928686544
2022-12-29,2022,TEN,1466.1117748127028
2022-12-29,2022,DAL,1639.9163327230208
2023-01-01,2022,CAR,1457.734710470036
2023-01-01,2022,ATL,1396.599367783927
2023-01-01,2022,TB,1512.7995349801138
2023-01-01,2022,DET,1463.116000253455
2023-01-01,2022,WAS,1464.9177443017861
2023-01-01,2022,KC,1706.0159224627623
2023-01-01,2022,HOU,1319.9685643389698
2023-01-01,2022,LAC,1518.0200674804612
2023-01-01,2022,NE,1507.7820663747852
2023-01-01,2022,GB,1520.0592971882259
2023-01-01,2022,PHI,1632.9231290776343
2023-01-01,2022,SEA,1480.5581802018467
2023-01-01,2022,BAL,1567.5986080155185
2023-01-01,2022,LV,1482.0433604143896
2023-01-01,2022,NYG,1435.2306823460422
2023-01-01,2022,ARI,1384.9030398680022
2023-01-01,2022,CHI,1348.4513673969723
2023-01-01,2022,MIA,1490.091758940062
2023-01-01,2022,SF,1685.3895421194486
2023-01-01,2022,PIT,1507.6987143505298
2023-01-01,2022,NYJ,1422.1270247975165
2023-01-01,2022,NO,1484.5082890935398
2023-01-01,2022,MIN,1574.8710188424263
2023-01-01,2022,LA,1447.2004766748248
2023-01-01,2022,JAX,1474.9765292608329
2023-01-01,2022,DEN,1353.1537212976243
2023-01-01,2022,CLE,1481.1952535506707
2023-01-01,2022,IND,1399.914403704149
2023-01-07,2022,JAX,1497.498892018219
2023-01-07,2022,LV,1474.5270847090023
2023-01-07,2022,TEN,1449.386202832644
2023-01-07,2022,KC,1708.1383756265275
2023-01-08,2022,ATL,1402.1995004429177
2023-01-08,2022,DAL,1656.6419047030797
2023-01-08,2022,CLE,1511.1737531247843
2023-01-08,2022,CAR,1444.5042909816339
2023-01-08,2022,BAL,1548.633498201661
2023-01-08,2022,ARI,1379.3029072090114
2023-01-08,2022,PIT,1526.6638241643873
2023-01-08,2022,WAS,1434.9392447276725
2023-01-08,2022,IND,1375.1046074108342
2023-01-08,2022,MIA,1481.4174098390151
2023-01-08,2022,DEN,1351.0312681338592
2023-01-08,2022,HOU,1297.4462015815836
2023-01-08,2022,SEA,1499.9371527821509
2023-01-08,2022,CHI,1330.2740202639598
2023-01-08,2022,NO,1524.3165978563834
2023-01-08,2022,BUF,1713.1484882580776
2023-01-08,2022,PHI,1593.1148203147907
2023-01-08,2022,SF,1692.9058178248358
2023-01-08,2022,GB,1552.9809914507778
2023-01-08,2022,DET,1481.2933473864675
2023-01-08,2022,LAC,1537.6907479740107
2023-01-08,2022,CIN,1660.9750286196456
2023-01-08,2022,LA,1427.5297961812753
2023-01-08,2022,MIN,1541.9493245798744
2023-01-08,2022,NE,1516.456415475832
2023-01-08,2022,NYG,1460.040478639357
2023-01-08,2022,NYJ,1402.7480522172123
2023-01-08,2022,TB,1526.0299544685158
2023-01-14,2022,LAC,1517.2852445296746
2023-01-14,2022,SEA,1508.6997001946618
2023-01-14,2022,JAX,1508.7592711106518
2023-01-14,2022,SF,1699.112319018992
2023-01-15,2022,MIN,1556.7408175003707
2023-01-15,2022,BUF,1722.2180019586715
2023-01-15,2022,CIN,1674.1465691151552
2023-01-15,2022,NYG,1450.666176058185
2023-01-15,2022,MIA,1492.4425767155353
2023-01-15,2022,BAL,1535.4619577061515
2023-01-16,2022,TB,1492.8246562588274
2023-01-16,2022,DAL,1608.3125847616902
2023-01-21,2022,KC,1722.024406975134
2023-01-21,2022,PHI,1602.4891228959625
2023-01-21,2022,JAX,1514.798236675656
2023-01-21,2022,NYG,1482.3399174024614
2023-01-22,2022,DAL,1630.9762016876314
2023-01-22,2022,CIN,1683.9038358490047
2023-01-22,2022,BUF,1726.3567391675208
2023-01-22,2022,SF,1709.8570136150322
2023-01-29,2022,PHI,1620.2159128606113
2023-01-29,2022,KC,1728.9954647902234
2023-01-29,2022,CIN,1721.7218344997455
2023-01-29,2022,SF,1722.64069714312
2023-02-12,2022,KC,1740.3852084398952
2023-02-12,2022,PHI,1658.3494738182376
2023-09-07,2023,DET,1502.6370510893782
2023-09-07,2023,KC,1668.4692326515549
2023-09-10,2023,GB,1520.212508135452
2023-09-10,2023,CAR,1476.2699696840496
2023-09-10,2023,ARI,1415.3976040099035
2023-09-10,2023,HOU,1371.5641275574765
2023-09-10,2023,JAX,1505.2181192403777
2023-09-10,2023,LA,1445.8448325125096
2023-09-10,2023,LV,1473.7607022402638
2023-09-10,2023,MIA,1492.202559671124
2023-09-10,2023,PHI,1597.353888853867
2023-09-10,2023,SF,1623.0047574569958
2023-09-10,2023,DAL,1578.7950121063625
2023-09-10,2023,CIN,1640.2213939000492
2023-09-10,2023,IND,1410.1364117708022
2023-09-10,2023,SEA,1498.636670399081
2023-09-10,2023,WAS,1488.8457097793746
2023-09-10,2023,ATL,1456.9365324350708
2023-09-10,2023,CLE,1493.0732493989515
2023-09-10,2023,NYG,1476.4087516252084
2023-09-10,2023,CHI,1376.988351562309
2023-09-10,2023,BAL,1517.1364606482014
2023-09-10,2023,TB,1480.1073595552575
2023-09-10,2023,TEN,1458.7505491601407
2023-09-10,2023,DEN,1414.2911810521302
2023-09-10,2023,LAC,1507.4975193097803
2023-09-10,2023,NE,1504.924601183492
2023-09-10,2023,PIT,1532.151802127163
2023-09-10,2023,MIN,1516.711384104063
2023-09-10,2023,NO,1502.943956207962
2023-09-11,2023,NYJ,1427.8152568937946
2023-09-11,2023,BUF,1625.6924936778535
2023-09-14,2023,PHI,1612.6830552852396
2023-09-14,2023,MIN,1498.8510092410684
2023-09-17,2023,BAL,1530.0043773324212
2023-09-17,2023,ATL,1481.4680539021624
2023-09-17,2023,TB,1497.9677344182521
2023-09-17,2023,CIN,1598.8577717417731
2023-09-17,2023,CHI,1356.3127370091654
2023-09-17,2023,TEN,1453.8228823913676
2023-09-17,2023,BUF,1596.3229201370586
2023-09-17,2023,NE,1489.5954347521194
2023-09-17,2023,ARI,1405.2697342422675
2023-09-17,2023,DAL,1609.4078846907773
2023-09-17,2023,DET,1514.5218377308731
2023-09-17,2023,LA,1484.6854782272592
2023-09-17,2023,DEN,1407.6232103847685
2023-09-17,2023,HOU,1358.6962108732566
2023-09-17,2023,JAX,1525.5326339494236
2023-09-17,2023,WAS,1498.9735795470106
2023-09-17,2023,GB,1540.8881226885956
2023-09-17,2023,IND,1389.8218970617563
2023-09-17,2023,KC,1656.58444601006
2023-09-17,2023,LAC,1494.147744239844
2023-09-17,2023,LV,1480.4286729076255
2023-09-17,2023,MIA,1505.5523347410601
2023-09-17,2023,NYG,1445.7958790407936
2023-09-17,2023,NYJ,1457.1848304345895
2023-09-17,2023,SEA,1459.7960246843313
2023-09-17,2023,SF,1650.352521852417
2023-09-18,2023,NO,1507.8716229767351
2023-09-18,2023,CLE,1534.4368715572275
2023-09-18,2023,PIT,1504.8040377317416
2023-09-18,2023,CAR,1451.738448216958
2023-09-21,2023,NYG,1460.0052613698272
2023-09-21,2023,SF,1663.6506326568945
2023-09-24,2023,DET,1488.2442909700137
2023-09-24,2023,WAS,1508.4100637877123
2023-09-24,2023,SEA,1486.0735714451907
2023-09-24,2023,KC,1672.790412383392
2023-09-24,2023,TEN,1467.332500975288
2023-09-24,2023,ARI,1391.060351913234
2023-09-24,2023,ATL,1488.6646354239335
2023-09-24,2023,BAL,1549.3914054554468
2023-09-24,2023,BUF,1613.8851582748532
2023-09-24,2023,CAR,1438.2498312240978
2023-09-24,2023,CHI,1345.2178319912894
2023-09-24,2023,DAL,1622.8035866809978
2023-09-24,2023,MIA,1528.5947610181888
2023-09-24,2023,DEN,1398.1867261440668
2023-09-24,2023,HOU,1332.4398283164815
2023-09-24,2023,IND,1416.0782796185315
2023-09-24,2023,LAC,1480.6381256559237
2023-09-24,2023,NE,1466.5530084749907
2023-09-24,2023,JAX,1509.3266675760915
2023-09-24,2023,PIT,1519.9221630937593
2023-09-24,2023,MIN,1488.6061703214873
2023-09-24,2023,NYJ,1443.789128444369
2023-09-24,2023,GB,1533.6915411668244
2023-09-24,2023,CLE,1519.3187461952098
2023-09-24,2023,NO,1521.3602399695953
2023-09-24,2023,LV,1462.866434769831
2023-09-25,2023,LA,1471.3873674227818
2023-09-25,2023,PHI,1622.9278942048206
2023-09-25,2023,CIN,1579.4707436187475
2023-09-25,2023,TB,1509.0626394361282
2023-09-28,2023,DET,1511.1440027092372
2023-09-28,2023,GB,1539.2781314923284
2023-10-01,2023,ATL,1465.76492368471
2023-10-01,2023,CIN,1586.962055907224
2023-10-01,2023,DEN,1379.0082029488638
2023-10-01,2023,KC,1678.9016585999598
2023-10-01,2023,LA,1463.8960551343052
2023-10-01,2023,LV,1445.4872839204695
2023-10-01,2023,MIA,1547.773284213392
2023-10-01,2023,ARI,1432.6071471316632
2023-10-01,2023,BAL,1527.0445181947732
2023-10-01,2023,WAS,1479.441802310134
2023-10-01,2023,NYJ,1424.3493734709925
2023-10-01,2023,MIN,1469.4541313660213
2023-10-01,2023,NE,1485.9927634483672
2023-10-01,2023,PIT,1537.3013139431207
2023-10-01,2023,TB,1487.6950257615424
2023-10-01,2023,CLE,1541.4842573059473
2023-10-01,2023,TEN,1445.1669898645505
2023-10-01,2023,CHI,1339.1065857747217
2023-10-01,2023,SF,1673.7026143689532
2023-10-01,2023,IND,1438.425166879205
2023-10-01,2023,BUF,1642.8534197524314
2023-10-01,2023,CAR,1421.4532017333572
2023-10-01,2023,DAL,1581.2567914625686
2023-10-01,2023,HOU,1385.6755921015251
2023-10-01,2023,NO,1515.7736496440914
2023-10-01,2023,PHI,1644.2955078794064
2023-10-01,2023,LAC,1499.7901646113896
2023-10-01,2023,JAX,1456.0909037910478
2023-10-02,2023,NYG,1449.9532796577685
2023-10-02,2023,SEA,1502.8702009359313
2023-10-05,2023,CHI,1324.8681562060913
2023-10-05,2023,WAS,1473.7030434720784
2023-10-08,2023,TEN,1487.6517221919505
2023-10-08,2023,SF,1682.1333682079185
2023-10-08,2023,ATL,1440.977343695358
2023-10-08,2023,BUF,1662.139144386183
2023-10-08,2023,MIN,1491.4263090637219
2023-10-08,2023,NE,1465.485356893146
2023-10-08,2023,MIA,1528.4875595796402
2023-10-08,2023,DEN,1393.2466325174942
2023-10-08,2023,LA,1484.8295667085172
2023-10-08,2023,IND,1417.4916553049932
2023-10-08,2023,BAL,1566.5395055236493
2023-10-08,2023,PIT,1493.734784209721
2023-10-08,2023,NYJ,1418.4326595962752
2023-10-08,2023,NYG,1419.5482256036535
2023-10-08,2023,NO,1479.381604471444
2023-10-08,2023,KC,1684.818372474677
2023-10-08,2023,JAX,1480.8784837803998
2023-10-08,2023,HOU,1429.2421218349248
2023-10-08,2023,DAL,1601.7641980177898
2023-10-08,2023,CIN,1544.477323579824
2023-10-08,2023,CAR,1399.4810240356567
2023-10-08,2023,ARI,1424.1763932926979
2023-10-08,2023,PHI,1650.034266717462
2023-10-08,2023,DET,1545.2456407175048
2023-10-09,2023,GB,1505.1764934840608
2023-10-09,2023,LV,1431.3043117336215
2023-10-12,2023,KC,1696.6065845181206
2023-10-12,2023,DEN,1367.4276449593563
2023-10-15,2023,ARI,1403.3362407371292
2023-10-15,2023,BAL,1544.0089877772057
2023-10-15,2023,CAR,1386.1201569305438
2023-10-15,2023,DET,1558.6065078226177
2023-10-15,2023,ATL,1449.8520285340833
2023-10-15,2023,CLE,1501.9892699770712
2023-10-15,2023,CIN,1565.3174761353928
2023-10-15,2023,NYJ,1444.2516471544131
2023-10-15,2023,BUF,1630.5705295413559
2023-10-15,2023,HOU,1420.3674369961996
2023-10-15,2023,LV,1448.8007258004984
2023-10-15,2023,CHI,1375.4517626914771
2023-10-15,2023,IND,1439.8356459617155
2023-10-15,2023,MIA,1543.4123545283976
2023-10-15,2023,TEN,1465.3077315352282
2023-10-15,2023,LA,1470.0755006176212
2023-10-15,2023,WAS,1423.1194369866926
2023-10-15,2023,SF,1703.4909155108764
2023-10-15,2023,SEA,1533.2752549900463
2023-10-15,2023,PHI,1664.788332808358
2023-10-15,2023,NYG,1404.623430654896
2023-10-15,2023,NO,1519.0283884378262
2023-10-15,2023,NE,1425.8385729267638
2023-10-15,2023,MIN,1479.6380970202783
2023-10-15,2023,JAX,1512.447098625227
2023-10-15,2023,TB,1524.0870709341898
2023-10-16,2023,DAL,1580.4066507148318
2023-10-16,2023,LAC,1513.9731367982376
2023-10-19,2023,JAX,1530.7007691768808
2023-10-19,2023,NO,1494.6620649922852
2023-10-22,2023,KC,1700.9493913674805
2023-10-22,2023,BUF,1636.026984523491
2023-10-22,2023,CLE,1518.7023725404545
2023-10-22,2023,DET,1586.9106456342001
2023-10-22,2023,LAC,1500.9540998420093
2023-10-22,2023,LV,1461.2512617868906
2023-10-22,2023,MIA,1556.6853925208993
2023-10-22,2023,PIT,1516.2653019561646
2023-10-22,2023,WAS,1450.6826004706584
2023-10-22,2023,BAL,1563.7689345325903
2023-10-22,2023,IND,1421.5819754100617
2023-10-22,2023,NE,1413.3880369403716
2023-10-22,2023,TB,1495.7829331226073
2023-10-22,2023,SEA,1521.2615575400885
2023-10-22,2023,DEN,1363.0848381099963
2023-10-22,2023,ARI,1384.6214070679086
2023-10-22,2023,ATL,1422.2888650501175
2023-10-22,2023,GB,1487.6800794171838
2023-10-22,2023,LA,1488.7903342868417
2023-10-22,2023,CHI,1359.5192884281817
2023-10-22,2023,NYG,1399.166975672761
2023-10-22,2023,PHI,1633.9721717327216
2023-10-23,2023,SF,1686.7778129474932
2023-10-23,2023,MIN,1495.5705712835738
2023-10-26,2023,TB,1476.1779957303322
2023-10-26,2023,BUF,1610.4296484940755
2023-10-29,2023,LA,1466.561514279846
2023-10-29,2023,KC,1710.3667149964613
2023-10-29,2023,JAX,1552.3283874009282
2023-10-29,2023,HOU,1444.7337604417405
2023-10-29,2023,CLE,1524.530230081783
2023-10-29,2023,NYJ,1475.0678082300496
2023-10-29,2023,CHI,1394.3316261962598
2023-10-29,2023,BAL,1595.8738318652722
2023-10-29,2023,ATL,1441.8938024423926
2023-10-29,2023,NO,1473.0344467682378
2023-10-29,2023,PHI,1650.735069504267
2023-10-29,2023,CIN,1577.3311735853506
2023-10-29,2023,NYG,1420.2054177233538
2023-10-29,2023,TEN,1445.5477847798436
2023-10-29,2023,WAS,1429.6441584200657
2023-10-29,2023,MIA,1539.922494749354
2023-10-29,2023,GB,1473.828190958749
2023-10-29,2023,IND,1415.7541178687331
2023-10-29,2023,DEN,1376.9367265684311
2023-10-29,2023,PIT,1538.4941219631603
2023-10-29,2023,DAL,1593.4256876710601
2023-10-29,2023,NE,1438.985372969787
2023-10-29,2023,SEA,1532.621820720128
2023-10-29,2023,SF,1660.132045382774
2023-10-29,2023,LAC,1491.5367762130286
2023-10-29,2023,ARI,1373.2611438878691
2023-10-29,2023,CAR,1372.847118938042
2023-10-29,2023,MIN,1522.216338848293
2023-10-30,2023,LV,1426.4389240188125
2023-10-30,2023,DET,1554.8057483015182
2023-11-02,2023,TEN,1460.470613197965
2023-11-02,2023,PIT,1511.7493825469471
2023-11-05,2023,TB,1466.8551952001792
2023-11-05,2023,BUF,1619.7524490242286
2023-11-05,2023,CLE,1511.3479568735036
2023-11-05,2023,NO,1497.1183354847926
2023-11-05,2023,PHI,1661.1315866438645
2023-11-05,2023,CAR,1384.7162337161592
2023-11-05,2023,GB,1446.7827143716158
2023-11-05,2023,KC,1656.9735164491758
2023-11-05,2023,ATL,1426.9709740242713
2023-11-05,2023,LV,1413.8083150802913
2023-11-05,2023,BAL,1606.1973475023722
2023-11-05,2023,ARI,1362.9376282507692
2023-11-05,2023,HOU,1432.8646456636234
2023-11-05,2023,WAS,1419.247641280468
2023-11-05,2023,SEA,1545.8040939284074
2023-11-05,2023,NYG,1406.6585095439607
2023-11-05,2023,MIN,1549.261815435426
2023-11-05,2023,MIA,1555.0336766992236
2023-11-05,2023,LA,1450.8022546790962
2023-11-05,2023,IND,1391.6702291521783
2023-11-05,2023,DAL,1609.18494727181
2023-11-05,2023,CHI,1377.9326940911155
2023-11-05,2023,NE,1423.8741910199174
2023-11-05,2023,CIN,1616.4784741156411
2023-11-06,2023,LAC,1507.9357083181728
2023-11-06,2023,NYJ,1488.6147164094427
2023-11-09,2023,CHI,1367.249465536263
2023-11-09,2023,CAR,1353.8758479754802
2023-11-12,2023,SEA,1522.161111054363
2023-11-12,2023,TB,1456.3785343278075
2023-11-12,2023,JAX,1579.0731268171414
2023-11-12,2023,LV,1440.266846428513
2023-11-12,2023,DAL,1596.8446936587075
2023-11-12,2023,MIN,1559.8474037194467
2023-11-12,2023,NE,1407.5365049895463
2023-11-12,2023,PIT,1522.8644621666658
2023-11-12,2023,LAC,1541.8337408497298
2023-11-12,2023,BAL,1629.8403303764167
2023-11-12,2023,ARI,1348.0064798086064
2023-11-12,2023,CIN,1633.1082327680617
2023-11-12,2023,IND,1422.5106148928573
2023-11-12,2023,ATL,1416.3853857402505
2023-11-12,2023,CLE,1526.2791053156664
2023-11-12,2023,DET,1567.4363572400393
2023-11-12,2023,WAS,1435.5853273108391
2023-11-12,2023,GB,1471.551882800102
2023-11-12,2023,TEN,1449.3555335782462
2023-11-12,2023,SF,1620.9847448524836
2023-11-12,2023,HOU,1443.341306535995
2023-11-12,2023,NYJ,1454.7166838778858
2023-11-12,2023,NYG,1380.199978195739
2023-11-12,2023,NO,1507.8015640396452
2023-11-13,2023,BUF,1603.122690371808
2023-11-13,2023,DEN,1430.3299251157166
2023-11-16,2023,BAL,1613.1977256711593
2023-11-16,2023,CIN,1608.3278394088397
2023-11-19,2023,NYG,1369.0291346761114
2023-11-19,2023,WAS,1427.3429066907022
2023-11-19,2023,NYJ,1440.390128799829
2023-11-19,2023,PIT,1533.9779958310949
2023-11-19,2023,SEA,1530.4035316744998
2023-11-19,2023,TB,1478.648834516409
2023-11-19,2023,TEN,1427.0852333896448
2023-11-19,2023,HOU,1468.121699895217
2023-11-19,2023,DET,1582.3435016695705
2023-11-19,2023,CAR,1342.7470615021277
2023-11-19,2023,GB,1460.438349135673
2023-11-19,2023,MIA,1543.4820927953597
2023-11-19,2023,DEN,1449.4024243825922
2023-11-19,2023,MIN,1574.974004959542
2023-11-19,2023,BUF,1584.0501911049323
2023-11-19,2023,LA,1426.03308625061
2023-11-19,2023,LV,1454.5934015065698
2023-11-19,2023,SF,1656.3472331663206
2023-11-19,2023,JAX,1543.7106385033044
2023-11-19,2023,CHI,1378.3782520096154
2023-11-19,2023,DAL,1608.015537178335
2023-11-19,2023,LAC,1526.9265964201986
2023-11-19,2023,CLE,1542.9217100209237
2023-11-19,2023,ARI,1359.7449935021234
2023-11-20,2023,PHI,1673.471840256967
2023-11-20,2023,KC,1668.5251003530398
2023-11-23,2023,DET,1588.450453395538
2023-11-23,2023,SEA,1522.1456215726093
2023-11-23,2023,DAL,1620.8913281418384
2023-11-23,2023,GB,1475.1620264176502
2023-11-23,2023,SF,1666.605592375134
2023-11-23,2023,WAS,1392.3919178691929
2023-11-24,2023,MIA,1555.7211941678222
2023-11-24,2023,NYJ,1425.2845845537206
2023-11-26,2023,KC,1650.085641995253
2023-11-26,2023,BAL,1635.6493049939313
2023-11-26,2023,BUF,1599.1557353510407
2023-11-26,2023,TB,1468.3904753075956
2023-11-26,2023,NO,1492.6749627995498
2023-11-26,2023,NE,1389.6483139336453
2023-11-26,2023,LA,1434.2909963525005
2023-11-26,2023,JAX,1559.5364859018975
2023-11-26,2023,PIT,1522.659971472088
2023-11-26,2023,CLE,1554.2397343799305
2023-11-26,2023,IND,1440.3988059487583
2023-11-26,2023,CIN,1585.8762600860678
2023-11-26,2023,ATL,1404.6468720467335
2023-11-26,2023,NYG,1403.9801234976208
2023-11-26,2023,ARI,1350.0754308707953
2023-11-26,2023,LV,1442.3543001341072
2023-11-26,2023,HOU,1477.791262526545
2023-11-26,2023,DEN,1458.1652413697657
2023-11-26,2023,TEN,1411.2593859910517
2023-11-26,2023,PHI,1691.9112986147538
2023-11-26,2023,LAC,1512.2029191382214
2023-11-26,2023,CAR,1329.8712705386245
2023-11-27,2023,MIN,1566.2111879723686
2023-11-27,2023,CHI,1372.2713002836479
2023-11-30,2023,SEA,1501.5742028967325
2023-11-30,2023,DAL,1631.6608865382568
2023-12-03,2023,LA,1462.309548923055
2023-12-03,2023,ATL,1430.7895129974754
2023-12-03,2023,HOU,1465.4597113183108
2023-12-03,2023,NO,1466.532321848808
2023-12-03,2023,TEN,1423.9052352892652
2023-12-03,2023,GB,1507.3295702032387
2023-12-03,2023,NE,1378.5602662702506
2023-12-03,2023,PHI,1699.9331009297564
2023-12-03,2023,ARI,1322.056878300241
2023-12-03,2023,NYJ,1402.4301090654983
2023-12-03,2023,PIT,1549.500535500906
2023-12-03,2023,TB,1448.968892563961
2023-12-03,2023,WAS,1381.6223594727744
2023-12-03,2023,SF,1687.1770110510108
2023-12-03,2023,MIA,1578.5756696560445
2023-12-03,2023,CAR,1317.225421240411
2023-12-03,2023,CLE,1520.627456864317
2023-12-03,2023,DEN,1491.777518885379
2023-12-03,2023,LAC,1493.975793412327
2023-12-03,2023,DET,1556.2829096099495
2023-12-03,2023,IND,1459.820388692393
2023-12-03,2023,KC,1664.4798128662542
2023-12-04,2023,CIN,1559.0356960572499
2023-12-04,2023,JAX,1571.8680371101318
2023-12-07,2023,PIT,1498.1135140883514
2023-12-07,2023,NE,1363.2979650473185
2023-12-10,2023,KC,1634.3272655818184
2023-12-10,2023,CHI,1392.0463511543533
2023-12-10,2023,LAC,1509.2380946352591
2023-12-10,2023,NYJ,1383.3301917486049
2023-12-10,2023,CIN,1575.7639470131255
2023-12-10,2023,CLE,1490.7253889568292
2023-12-10,2023,BAL,1653.8764307198257
2023-12-10,2023,LV,1427.960129263106
2023-12-10,2023,SF,1725.5178880960907
2023-12-10,2023,ATL,1449.8894303143688
2023-12-10,2023,LA,1492.2116168305429
2023-12-10,2023,NO,1451.0513327115611
2023-12-10,2023,DAL,1641.1667985052507
2023-12-10,2023,MIN,1546.4361371016632
2023-12-10,2023,CAR,1310.5053824039367
2023-12-10,2023,DEN,1475.140612564647
2023-12-10,2023,DET,1571.7638987471962
2023-12-10,2023,HOU,1482.096617639043
2023-12-10,2023,IND,1474.244566112214
2023-12-10,2023,JAX,1555.1397861542562
2023-12-10,2023,PHI,1661.5922238846765
2023-12-10,2023,SEA,1492.0682909297386
2023-12-10,2023,TB,1455.6889314004352
2023-12-10,2023,BUF,1591.1339330360381
2023-12-11,2023,GB,1537.4821174876745
2023-12-11,2023,TEN,1409.4810578694442
2023-12-11,2023,MIA,1597.7362645165042
2023-12-11,2023,NYG,1415.0681711610155
2023-12-14,2023,LV,1417.2154872977355
2023-12-14,2023,LAC,1472.2485566794755
2023-12-16,2023,MIN,1557.1807790670337
2023-12-16,2023,DET,1531.5981898988296
2023-12-16,2023,IND,1457.2999890917038
2023-12-16,2023,CIN,1592.7085240336357
2023-12-16,2023,PIT,1475.6997157310689
2023-12-16,2023,DEN,1512.1301505204306
2023-12-17,2023,LA,1484.0305631210845
2023-12-17,2023,GB,1523.7125641655316
2023-12-17,2023,ARI,1373.4438997127954
2023-12-17,2023,NE,1385.711763404601
2023-12-17,2023,JAX,1538.158906570855
2023-12-17,2023,CLE,1507.7062685402304
2023-12-17,2023,BUF,1609.307564210088
2023-12-17,2023,TEN,1421.839807228963
2023-12-17,2023,CAR,1295.921431150428
2023-12-17,2023,NO,1465.63528396507
2023-12-17,2023,MIA,1585.3775151569853
2023-12-17,2023,SF,1733.0305351077916
2023-12-17,2023,ATL,1431.4969342908173
2023-12-17,2023,BAL,1662.0574844292842
2023-12-17,2023,CHI,1432.21206000272
2023-12-17,2023,DAL,1668.8537423937476
2023-12-17,2023,HOU,1444.3670734161717
2023-12-17,2023,KC,1616.1536344077685
2023-12-17,2023,NYG,1428.8377244831584
2023-12-17,2023,NYJ,1421.0597359714761
2023-12-17,2023,TB,1474.0814274239867
2023-12-17,2023,WAS,1362.4617646123147
2023-12-18,2023,SEA,1484.5556439180377
2023-12-18,2023,PHI,1633.9052799961796
2023-12-21,2023,LA,1495.1959544669628
2023-12-21,2023,NO,1487.2013933346614
2023-12-23,2023,BUF,1641.4133432320123
2023-12-23,2023,CIN,1602.9139363051058
2023-12-23,2023,PIT,1449.6036648988706
2023-12-23,2023,LAC,1433.7522202485823
2023-12-24,2023,ARI,1366.3646570928643
2023-12-24,2023,DET,1557.147130918087
2023-12-24,2023,CHI,1423.5645095118798
2023-12-24,2023,GB,1487.614522240419
2023-12-24,2023,IND,1483.396039923902
2023-12-24,2023,CLE,1516.3538190310705
2023-12-24,2023,NE,1374.2337453901039
2023-12-24,2023,SEA,1503.2110006291994
2023-12-24,2023,WAS,1351.2963732664364
2023-12-24,2023,DAL,1636.7479633718233
2023-12-24,2023,NYJ,1406.8071730137003
2023-12-24,2023,DEN,1486.5812095011731
2023-12-24,2023,TB,1510.1794693490992
2023-12-24,2023,ATL,1417.2309277739005
2023-12-24,2023,CAR,1310.1874376673447
2023-12-24,2023,MIN,1546.9753667955636
2023-12-24,2023,MIA,1599.630078114761
2023-12-24,2023,HOU,1459.4188585588058
2023-12-24,2023,TEN,1406.788022086329
2023-12-24,2023,JAX,1516.6610818042795
2023-12-25,2023,SF,1740.1097777277228
2023-12-25,2023,PHI,1615.249923285018
2023-12-25,2023,BAL,1683.5553091958595
2023-12-25,2023,LV,1455.7118237286288
2023-12-25,2023,NYG,1407.271615113567
2023-12-25,2023,KC,1627.6316524222657
2023-12-28,2023,NYJ,1414.2629466154447
2023-12-28,2023,CLE,1542.6313263748586
2023-12-30,2023,DAL,1626.1582083732983
2023-12-30,2023,DET,1579.0939439169829
2023-12-31,2023,SEA,1514.8970297385556
2023-12-31,2023,BUF,1647.2546876928923
2023-12-31,2023,IND,1451.6114308783183
2023-12-31,2023,NYG,1399.9338437230092
2023-12-31,2023,DEN,1465.1789979696698
2023-12-31,2023,MIN,1525.0285537966677
2023-12-31,2023,KC,1593.9017280550888
2023-12-31,2023,JAX,1491.1991465810602
2023-12-31,2023,PHI,1622.5876946755757
2023-12-31,2023,BAL,1720.2937795978671
2023-12-31,2023,TB,1535.6414045723186
2023-12-31,2023,NE,1395.6359569216072
2023-12-31,2023,SF,1703.3713073257152
2023-12-31,2023,PIT,1492.8003153316067
2023-12-31,2023,NO,1469.1981856865236
2023-12-31,2023,WAS,1343.840599664692
2023-12-31,2023,MIA,1610.219833113286
2023-12-31,2023,LV,1489.4417480958057
2023-12-31,2023,LA,1513.1991621151005
2023-12-31,2023,LAC,1427.9108757877023
2023-12-31,2023,GB,1496.0436651641924
2023-12-31,2023,CIN,1559.7172858723698
2023-12-31,2023,CAR,1301.7582947435715
2023-12-31,2023,ATL,1449.0155368194842
2023-12-31,2023,ARI,1349.6185853859722
2023-12-31,2023,TEN,1395.1019929769727
2023-12-31,2023,HOU,1433.1413512150177
2023-12-31,2023,CHI,1440.3105812187719
2024-01-06,2023,PIT,1518.5546758328264
2024-01-06,2023,HOU,1456.3029294958362
2024-01-06,2023,BAL,1739.7745745324469
2024-01-06,2023,IND,1465.0067911077745
2024-01-07,2023,WAS,1336.6163829001728
2024-01-07,2023,ARI,1382.1746277619907
2024-01-07,2023,NYG,1394.4519632706144
2024-01-07,2023,NE,1390.4547735157341
2024-01-07,2023,DET,1574.2235414084682
2024-01-07,2023,SF,1710.5955240902344
2024-01-07,2023,LAC,1412.7090003463045
2024-01-07,2023,TEN,1371.9404146961542
2024-01-07,2023,LV,1476.0463878663495
2024-01-07,2023,CAR,1289.6727187235915
2024-01-07,2023,CIN,1543.4551629314863
2024-01-07,2023,MIA,1590.7390381787063
2024-01-07,2023,NO,1502.5361014603952
2024-01-07,2023,KC,1610.1638509959723
2024-01-07,2023,JAX,1503.2847226010401
2024-01-07,2023,DEN,1480.3808734110676
2024-01-07,2023,DAL,1631.028610881813
2024-01-07,2023,CLE,1556.8643136302828
2024-01-07,2023,CHI,1466.8529673610742
2024-01-07,2023,GB,1536.156800797607
2024-01-07,2023,BUF,1652.4358710987653
2024-01-07,2023,ATL,1422.4731506771818
2024-01-07,2023,SEA,1489.142669237336
2024-01-07,2023,TB,1502.303488798447
2024-01-07,2023,PHI,1590.0316522995572
2024-01-07,2023,NYJ,1400.0299593600205
2024-01-07,2023,MIN,1484.915418163253
2024-01-07,2023,LA,1518.6810425674953
2024-01-13,2023,HOU,1475.4956268292074
2024-01-13,2023,KC,1614.022740267702
2024-01-13,2023,CLE,1531.2318158114576
2024-01-13,2023,MIA,1570.887561373609
2024-01-14,2023,LA,1531.1158021707051
2024-01-14,2023,DAL,1642.832418460446
2024-01-14,2023,DET,1588.3110443523633
2024-01-14,2023,GB,1550.229833162883
2024-01-15,2023,PIT,1557.6438438947605
2024-01-15,2023,PHI,1546.627665738355
2024-01-15,2023,BUF,1672.2873479038626
2024-01-15,2023,TB,1514.272350046818
2024-01-20,2023,GB,1592.1171768352297
2024-01-20,2023,HOU,1511.0495815671773
2024-01-20,2023,SF,1698.1607644870246
2024-01-20,2023,BAL,1700.6854064705128
2024-01-21,2023,BUF,1686.492097273359
2024-01-21,2023,DET,1592.9823324633314
2024-01-21,2023,KC,1635.4113872378332
2024-01-21,2023,TB,1544.408503418844
2024-01-28,2023,SF,1705.7212863233651
2024-01-28,2023,DET,1608.3261606948683
2024-01-28,2023,KC,1653.9592652531292
2024-01-28,2023,BAL,1712.4772761122942
2024-02-11,2023,SF,1713.5799874219072
2024-02-11,2023,KC,1682.309014094707
2024-09-05,2024,BAL,1622.7516848471444
2024-09-05,2024,KC,1630.2702573682427
2024-09-06,2024,GB,1556.3711033325928
2024-09-06,2024,PHI,1510.9943415775526
2024-09-08,2024,CAR,1351.802571650147
2024-09-08,2024,WAS,1383.208383547693
2024-09-08,2024,TEN,1433.4356291456463
2024-09-08,2024,PIT,1528.9593963501761
2024-09-08,2024,TB,1519.3764501248713
2024-09-08,2024,CHI,1468.5199566638655
2024-09-08,2024,ATL,1434.1836760907
2024-09-08,2024,CIN,1546.0584405002076
2024-09-08,2024,NYG,1458.570633221211
2024-09-08,2024,LAC,1439.23340738305
2024-09-08,2024,DET,1566.9783063975508
2024-09-08,2024,MIA,1532.999276268985
2024-09-08,2024,DAL,1567.2967165253997
2024-09-08,2024,IND,1463.8760625162688
2024-09-08,2024,CLE,1497.1185740489918
2024-09-08,2024,NO,1515.8224920010182
2024-09-08,2024,BUF,1611.9628128387087
2024-09-08,2024,NE,1406.5713508471144
2024-09-08,2024,MIN,1480.551943479572
2024-09-08,2024,LV,1499.1254457228495
2024-09-08,2024,LA,1517.6296760398247
2024-09-08,2024,JAX,1483.3811290524832
2024-09-08,2024,HOU,1499.5051412835971
2024-09-08,2024,DEN,1471.8260617954286
2024-09-08,2024,ARI,1417.7059627326473
2024-09-08,2024,SEA,1496.5055686002372
2024-09-09,2024,NYJ,1453.7518044033886
2024-09-09,2024,SF,1633.6557436428334
2024-09-12,2024,MIA,1542.6388159387159
2024-09-12,2024,BUF,1618.9282126849284
2024-09-15,2024,SEA,1511.458421797548
2024-09-15,2024,WAS,1369.4845720688525
2024-09-15,2024,CIN,1514.3056519128588
2024-09-15,2024,CLE,1470.8572760557397
2024-09-15,2024,IND,1452.434591803078
2024-09-15,2024,LAC,1465.9046608161932
2024-09-15,2024,LA,1504.083909516765
2024-09-15,2024,SF,1643.8029167047002
2024-09-15,2024,NO,1530.9419527684101
2024-09-15,2024,TB,1533.100261603712
2024-09-15,2024,NYG,1424.4686547615001
2024-09-15,2024,NYJ,1443.6046313415218
2024-09-15,2024,PIT,1547.5950086143928
2024-09-15,2024,CHI,1483.8552057616505
2024-09-15,2024,LV,1472.4541922897063
2024-09-15,2024,DAL,1593.5580145186518
2024-09-15,2024,KC,1647.3390757289474
2024-09-15,2024,DET,1580.5240729206105
2024-09-15,2024,MIN,1514.6539219392828
2024-09-15,2024,NE,1438.3241394344632
2024-09-15,2024,DEN,1456.8732085981178
2024-09-15,2024,TEN,1418.1003800478613
2024-09-15,2024,HOU,1510.9466119967879
2024-09-15,2024,JAX,1473.7415893827524
2024-09-15,2024,GB,1538.6099670865171
2024-09-15,2024,CAR,1336.683110882755
2024-09-15,2024,ARI,1410.7405628864276
2024-09-15,2024,BAL,1605.6828664864397
2024-09-16,2024,PHI,1528.7554778236283
2024-09-16,2024,ATL,1415.5480638264833
2024-09-19,2024,NYJ,1465.9722814195075
2024-09-19,2024,NE,1425.6076091474997
2024-09-22,2024,BAL,1583.3397435580541
2024-09-22,2024,GB,1550.199917431511
2024-09-22,2024,CHI,1469.0430968942244
2024-09-22,2024,DAL,1548.6845662709654
2024-09-22,2024,LV,1494.7973152180919
2024-09-22,2024,IND,1440.8446414580842
2024-09-22,2024,TB,1554.4323662262832
2024-09-22,2024,CAR,1313.0713232425871
2024-09-22,2024,TEN,1395.7327299698754
2024-09-22,2024,MIN,1539.4933416243211
2024-09-22,2024,ATL,1426.2687359514218
2024-09-22,2024,PIT,1565.4976340840183
2024-09-22,2024,SEA,1524.1749520845115
2024-09-22,2024,CLE,1491.8663457215032
2024-09-22,2024,NO,1575.8154010160965
2024-09-22,2024,LA,1464.1049814951352
2024-09-22,2024,ARI,1450.7194909080574
2024-09-22,2024,LAC,1489.516448456361
2024-09-22,2024,SF,1618.9634970196619
2024-09-22,2024,PHI,1518.0348056986898
2024-09-22,2024,MIA,1514.6002200283854
2024-09-22,2024,KC,1650.6789085860532
2024-09-22,2024,HOU,1525.758720864214
2024-09-22,2024,DET,1559.1919682980392
2024-09-22,2024,DEN,1438.9705831284923
2024-09-22,2024,NYG,1410.2820418976075
2024-09-23,2024,WAS,1383.671184932745
2024-09-23,2024,CIN,1510.965819055753
2024-09-23,2024,BUF,1646.966808595259
2024-09-23,2024,JAX,1452.732519716989
2024-09-26,2024,NYG,1438.3322772385222
2024-09-26,2024,DAL,1534.2015643912669
2024-09-29,2024,CAR,1360.8220659430913
2024-09-29,2024,BAL,1597.8227454377527
2024-09-29,2024,BUF,1659.9890507114283
2024-09-29,2024,MIN,1566.206442301244
2024-09-29,2024,WAS,1412.2062857235462
2024-09-29,2024,PIT,1580.4242052737618
2024-09-29,2024,LV,1447.0465725175877
2024-09-29,2024,PHI,1536.8997883625077
2024-09-29,2024,NO,1556.9504183522786
2024-09-29,2024,NE,1403.2899258358614
2024-09-29,2024,CIN,1482.4307182649518
2024-09-29,2024,NYJ,1488.2899647311458
2024-09-29,2024,CLE,1463.8161103805885
2024-09-29,2024,LAC,1474.5898772666176
2024-09-29,2024,CHI,1452.2963158541918
2024-09-29,2024,GB,1569.19281008256
2024-09-29,2024,SF,1600.0475760847164
2024-09-29,2024,ATL,1417.4473316192282
2024-09-29,2024,TB,1507.877029924697
2024-09-29,2024,IND,1457.5914224981168
2024-09-29,2024,ARI,1433.9687465390589
2024-09-29,2024,HOU,1499.0456201872912
2024-09-29,2024,LA,1483.0209024300807
2024-09-29,2024,KC,1659.500312918247
2024-09-29,2024,DEN,1485.5259194300786
2024-09-29,2024,JAX,1439.7102776008196
2024-09-30,2024,DET,1575.9427126670378
2024-09-30,2024,MIA,1489.42454474941
2024-09-30,2024,SEA,1549.3506273634869
2024-09-30,2024,TEN,1376.7398373188264
2024-10-03,2024,TB,1534.9698655200618
2024-10-03,2024,ATL,1431.8612539156807
2024-10-06,2024,LA,1464.6726411846823
2024-10-06,2024,SF,1610.2643909061198
2024-10-06,2024,CIN,1500.7898267016005
2024-10-06,2024,HOU,1509.7957493880733
2024-10-06,2024,CHI,1470.6445770995902
2024-10-06,2024,SEA,1529.2228962387928
2024-10-06,2024,ARI,1392.3026958188589
2024-10-06,2024,BAL,1631.951189165785
2024-10-06,2024,BUF,1625.8606069833959
2024-10-06,2024,CAR,1342.4629575064425
2024-10-06,2024,CLE,1449.3696243910513
2024-10-06,2024,PIT,1563.0290129418192
2024-10-06,2024,DAL,1549.336674754413
2024-10-06,2024,IND,1474.9866148300594
2024-10-06,2024,LV,1461.493058507125
2024-10-06,2024,NE,1393.073111014458
2024-10-06,2024,MIA,1443.1419637033937
2024-10-06,2024,NYG,1423.197166875376
2024-10-06,2024,DEN,1493.650477960555
2024-10-06,2024,WAS,1453.8723364437462
2024-10-06,2024,MIN,1579.0919397142536
2024-10-06,2024,JAX,1428.9601484000375
2024-10-06,2024,GB,1556.3073126695504
2024-10-06,2024,NYJ,1480.1654062006694
2024-10-07,2024,NO,1542.536496055826
2024-10-07,2024,KC,1671.7382473623754
2024-10-10,2024,SF,1597.299604073594
2024-10-10,2024,SEA,1494.1539853890297
2024-10-13,2024,ATL,1454.959845976609
2024-10-13,2024,CIN,1490.5694707790767
2024-10-13,2024,CLE,1423.7074187374967
2024-10-13,2024,DET,1596.0704437917318
2024-10-13,2024,HOU,1526.8685208472054
2024-10-13,2024,IND,1461.2147700404726
2024-10-13,2024,LAC,1462.351942822489
2024-10-13,2024,PIT,1546.2598048940404
2024-10-13,2024,TB,1511.8712734591336
2024-10-13,2024,WAS,1479.5345420973008
2024-10-13,2024,ARI,1405.2674826513846
2024-10-13,2024,JAX,1442.7319931896243
2024-10-13,2024,GB,1571.6814517609366
2024-10-13,2024,BAL,1642.171545088309
2024-10-13,2024,NO,1529.5913011945024
2024-10-13,2024,LV,1440.354119794915
2024-10-13,2024,DEN,1514.789416672765
2024-10-13,2024,CHI,1486.8882738731056
2024-10-13,2024,TEN,1423.0224183648427
2024-10-13,2024,NE,1375.2789412444774
2024-10-13,2024,DAL,1566.105882802192
2024-10-13,2024,NYG,1458.2660777251392
2024-10-13,2024,CAR,1326.219260732927
2024-10-13,2024,PHI,1509.8069527671428
2024-10-14,2024,NYJ,1469.2092193568917
2024-10-14,2024,BUF,1608.7878355242638
2024-10-17,2024,DEN,1486.8711791782482
2024-10-17,2024,NO,1490.2089355014027
2024-10-20,2024,GB,1584.3804217232876
2024-10-20,2024,CLE,1414.1183414957575
2024-10-20,2024,WAS,1470.8332064511214
2024-10-20,2024,TEN,1408.7044160839905
2024-10-20,2024,SEA,1473.0702688278043
2024-10-20,2024,PHI,1519.396030008882
2024-10-20,2024,NYJ,1459.3292648363315
2024-10-20,2024,NE,1354.6239221518124
2024-10-20,2024,MIA,1460.9361334733742
2024-10-20,2024,LV,1415.9853458830728
2024-10-20,2024,KC,1684.683442223699
2024-10-20,2024,HOU,1547.5235399398705
2024-10-20,2024,DET,1634.9246386772452
2024-10-20,2024,CAR,1304.301276748127
2024-10-20,2024,CIN,1515.8111139733235
2024-10-20,2024,JAX,1421.4317608029567
2024-10-20,2024,LA,1449.298502093296
2024-10-20,2024,IND,1475.5327723213247
2024-10-20,2024,PIT,1570.6285788058826
2024-10-20,2024,NYG,1433.0244345308924
2024-10-20,2024,ATL,1476.877829961409
2024-10-20,2024,BUF,1618.667790044824
2024-10-20,2024,SF,1618.3833206348195
2024-10-20,2024,MIN,1590.0481265580313
2024-10-21,2024,TB,1551.2536391522333
2024-10-21,2024,LAC,1490.2701803170057
2024-10-21,2024,ARI,1392.5685126890337
2024-10-21,2024,BAL,1650.8728807344883
2024-10-24,2024,LA,1462.605775335309
2024-10-24,2024,MIN,1578.9474794254359
2024-10-27,2024,DAL,1527.2516879166785
2024-10-27,2024,ARI,1405.4056103153462
2024-10-27,2024,BAL,1670.8465650875537
2024-10-27,2024,CHI,1508.1885062597732
2024-10-27,2024,GB,1592.4251339930547
2024-10-27,2024,IND,1491.0810273497991
2024-10-27,2024,KC,1707.2131353285283
2024-10-27,2024,NO,1452.8956044285032
2024-10-27,2024,BUF,1629.3092494150803
2024-10-27,2024,NYJ,1442.6303836367385
2024-10-27,2024,PHI,1547.8961481706242
2024-10-27,2024,ATL,1441.0832195490798
2024-10-27,2024,CAR,1289.822209609704
2024-10-27,2024,TB,1531.2799547991679
2024-10-27,2024,HOU,1539.4788276701033
2024-10-27,2024,CLE,1396.931614704593
2024-10-27,2024,SEA,1508.8648792401334
2024-10-27,2024,DEN,1524.1845102511477
2024-10-27,2024,WAS,1485.3122735895445
2024-10-27,2024,SF,1595.8536275299903
2024-10-27,2024,JAX,1439.7711819505996
2024-10-27,2024,MIA,1445.3878784448998
2024-10-27,2024,TEN,1398.0629567137341
2024-10-27,2024,LAC,1477.4330826906933
2024-10-27,2024,NE,1336.2845010041694
2024-10-27,2024,CIN,1532.997840764488
2024-10-27,2024,DET,1646.0252858098406
2024-10-27,2024,LV,1402.6780726410598
2024-10-28,2024,PIT,1587.3274600054756
2024-10-28,2024,NYG,1404.5243163691503
2024-10-31,2024,NYJ,1426.0205281153999
2024-10-31,2024,HOU,1549.1666829751543
2024-11-03,2024,WAS,1498.0292766278108
2024-11-03,2024,DAL,1514.7511236096723
2024-11-03,2024,ARI,1414.416127570701
2024-11-03,2024,ATL,1467.4292171612638
2024-11-03,2024,BAL,1639.4601522419766
2024-11-03,2024,GB,1601.7887499743938
2024-11-03,2024,MIN,1549.393622534215
2024-11-03,2024,CLE,1428.31802755017
2024-11-03,2024,SEA,1485.0906951852294
2024-11-03,2024,CIN,1499.1514525367202
2024-11-03,2024,BUF,1653.0834334699844
2024-11-03,2024,TEN,1388.1182645196172
2024-11-03,2024,CAR,1281.928057037549
2024-11-03,2024,NYG,1396.1964817489056
2024-11-03,2024,CHI,1495.471503221507
2024-11-03,2024,PHI,1581.742536398392
2024-11-03,2024,NO,1430.2572375779926
2024-11-03,2024,NE,1352.894356525508
2024-11-03,2024,MIA,1436.377361189545
2024-11-03,2024,LV,1395.7533045003397
2024-11-03,2024,LA,1492.15963222653
2024-11-03,2024,LAC,1500.071449541204
2024-11-03,2024,JAX,1430.4075659692605
2024-11-03,2024,IND,1481.393172044748
2024-11-03,2024,DET,1655.9699780039575
2024-11-03,2024,DEN,1532.0786628233027
2024-11-04,2024,TB,1504.933957186984
2024-11-04,2024,KC,1714.1379034692484
2024-11-07,2024,CIN,1515.1033295290572
2024-11-07,2024,BAL,1658.247849276641
2024-11-10,2024,WAS,1512.8304888568878
2024-11-10,2024,IND,1467.2421240746824
2024-11-10,2024,TEN,1398.336068589405
2024-11-10,2024,ATL,1486.8443559561774
2024-11-10,2024,BUF,1657.5110520018827
2024-11-10,2024,DEN,1513.2909657886382
2024-11-10,2024,DET,1679.4563775415484
2024-11-10,2024,MIN,1563.5446705042807
2024-11-10,2024,NE,1342.6765524557204
2024-11-10,2024,NYG,1381.3952695198286
2024-11-10,2024,NYJ,1453.6149137024663
2024-11-10,2024,NO,1420.9537231820634
2024-11-10,2024,PHI,1589.6597617567131
2024-11-10,2024,SF,1608.3541918369965
2024-11-10,2024,TB,1498.475909160252
2024-11-10,2024,DAL,1495.3359848147586
2024-11-10,2024,ARI,1448.25770888968
2024-11-10,2024,CAR,1291.2315714334782
2024-11-10,2024,CHI,1461.629921902528
2024-11-10,2024,JAX,1422.4903406109395
2024-11-10,2024,HOU,1521.572297388088
2024-11-10,2024,KC,1720.5959514959802
2024-11-10,2024,PIT,1595.6552946257202
2024-11-10,2024,LAC,1526.71449018437
2024-11-11,2024,MIA,1431.9497426576465
2024-11-11,2024,LA,1514.3128056674905
2024-11-14,2024,PHI,1618.2671379660867
2024-11-14,2024,WAS,1506.6886890762132
2024-11-17,2024,SF,1619.4615131334313
2024-11-17,2024,TEN,1386.5287222157444
2024-11-17,2024,MIA,1463.6802440209533
2024-11-17,2024,NE,1387.0296123977387
2024-11-17,2024,BUF,1671.294052428307
2024-11-17,2024,DET,1688.6178402384858
2024-11-17,2024,NYJ,1425.5566956802436
2024-11-17,2024,CHI,1417.2768619605097
2024-11-17,2024,NO,1435.6493930928468
2024-11-17,2024,LAC,1538.5218365580306
2024-11-17,2024,PIT,1601.7970944063948
2024-11-17,2024,DEN,1509.6094870738002
2024-11-17,2024,ATL,1472.148686045394
2024-11-17,2024,JAX,1409.7969965106347
2024-11-17,2024,SEA,1462.937521744269
2024-11-17,2024,MIN,1576.2380146045855
2024-11-17,2024,LV,1379.8014275080027
2024-11-17,2024,LA,1482.5823043041837
2024-11-17,2024,KC,1724.2774302108182
2024-11-17,2024,IND,1453.4591236482581
2024-11-17,2024,GB,1578.302350436803
2024-11-17,2024,CLE,1401.6749869070038
2024-11-17,2024,CIN,1511.9187128228298
2024-11-17,2024,BAL,1661.4324659828685
2024-11-18,2024,HOU,1512.4108346911505
2024-11-18,2024,DAL,1466.728608605385
2024-11-21,2024,PIT,1613.2113651370669
2024-11-21,2024,CLE,1378.7783776003773
2024-11-24,2024,SEA,1486.3054963383227
2024-11-24,2024,WAS,1495.0016157420011
2024-11-24,2024,LV,1363.1216271333126
2024-11-24,2024,IND,1460.8587000861403
2024-11-24,2024,DAL,1434.2909452842455
2024-11-24,2024,CAR,1307.0722597917215
2024-11-24,2024,CHI,1412.7562246722132
2024-11-24,2024,MIA,1480.3600443956434
2024-11-24,2024,LA,1499.0388844123045
2024-11-24,2024,GB,1582.8229877250994
2024-11-24,2024,NYG,1365.5545811615852
2024-11-24,2024,ARI,1476.3159269119028
2024-11-24,2024,DEN,1535.1511664215905
2024-11-24,2024,NE,1370.573032289618
2024-11-24,2024,DET,1697.483379328717
2024-11-24,2024,KC,1700.8683092332744
2024-11-24,2024,MIN,1590.0551514790423
2024-11-24,2024,PHI,1629.9542113002988
2024-11-24,2024,SF,1596.0935385393775
2024-11-24,2024,TB,1487.3685878638173
2024-11-24,2024,TEN,1372.7115853412877
2024-11-24,2024,HOU,1544.84849801229
2024-11-25,2024,LAC,1554.3807668379038
2024-11-25,2024,BAL,1650.0181952521964
2024-11-28,2024,MIA,1496.4242984781852
2024-11-28,2024,DET,1711.1735956168848
2024-11-28,2024,GB,1612.6700151240352
2024-11-28,2024,DAL,1464.4106068750039
2024-11-28,2024,CHI,1404.3224004584254
2024-11-28,2024,NYG,1341.2418890377617
2024-11-29,2024,LV,1348.1981550531298
2024-11-29,2024,KC,1703.7482240165377
2024-12-01,2024,NO,1458.5460023994733
2024-12-01,2024,HOU,1513.7786435301614
2024-12-01,2024,IND,1447.1684837979726
2024-12-01,2024,LAC,1536.8004455836044
2024-12-01,2024,LA,1477.708889517389
2024-12-01,2024,PHI,1651.2842061952142
2024-12-01,2024,PIT,1584.0343105222191
2024-12-01,2024,SEA,1505.804955871149
2024-12-01,2024,SF,1566.2465111404417
2024-12-01,2024,ATL,1446.6070066976038
2024-12-01,2024,TB,1511.681279987641
2024-12-01,2024,MIN,1598.48897569283
2024-12-01,2024,JAX,1400.9314574204034
2024-12-01,2024,NE,1354.5087782070761
2024-12-01,2024,ARI,1456.8164673790764
2024-12-01,2024,CAR,1304.1923450084582
2024-12-01,2024,BUF,1694.7031734058507
2024-12-01,2024,NYJ,1418.1571192423614
2024-12-01,2024,CIN,1496.0597825429566
2024-12-01,2024,BAL,1667.5985165064958
2024-12-01,2024,TEN,1403.7814398234163
2024-12-01,2024,WAS,1464.8819541512428
2024-12-02,2024,CLE,1407.955432215225
2024-12-02,2024,DEN,1550.0746385017733
2024-12-05,2024,GB,1626.412023270983
2024-12-05,2024,DET,1713.9142811588463
2024-12-08,2024,NO,1435.7305453991594
2024-12-08,2024,SEA,1521.405552235009
2024-12-08,2024,LAC,1550.683573529369
2024-12-08,2024,MIN,1601.6958569463077
2024-12-08,2024,LA,1500.524346517703
2024-12-08,2024,PHI,1673.1195094204677
2024-12-08,2024,SF,1550.209325735343
2024-12-08,2024,PIT,1600.9568672005187
2024-12-08,2024,TEN,1382.7099008030996
2024-12-08,2024,KC,1705.4049959098695
2024-12-08,2024,LV,1346.541383159798
2024-12-08,2024,TB,1519.057998198041
2024-12-08,2024,MIA,1482.6822903312375
2024-12-08,2024,NYJ,1402.5565228785015
2024-12-08,2024,CAR,1296.815626798058
2024-12-08,2024,CHI,1401.5817149164639
2024-12-08,2024,CLE,1397.3248873857156
2024-12-08,2024,ATL,1432.7238787518395
2024-12-08,2024,JAX,1389.950021488419
2024-12-08,2024,NYG,1330.752644131373
2024-12-08,2024,ARI,1453.6095861255988
2024-12-08,2024,BUF,1710.7403588109494
2024-12-09,2024,CIN,1479.137225864657
2024-12-09,2024,DAL,1474.8998517813925
2024-12-12,2024,SF,1564.7932847957006
2024-12-12,2024,LA,1517.5525505656055
2024-12-15,2024,HOU,1524.7600794621458
2024-12-15,2024,CLE,1388.3148324581398
2024-12-15,2024,DEN,1560.7051833312828
2024-12-15,2024,SEA,1545.3794633004968
2024-12-15,2024,CAR,1294.2059038380264
2024-12-15,2024,DET,1722.1233825760773
2024-12-15,2024,JAX,1408.263212327715
2024-12-15,2024,NYG,1319.436085755063
2024-12-15,2024,PIT,1609.9669221280944
2024-12-15,2024,TB,1530.1137663706768
2024-12-15,2024,WAS,1485.9534931715596
2024-12-15,2024,TEN,1364.3967099638035
2024-12-15,2024,PHI,1675.7292323804993
2024-12-15,2024,ARI,1429.635675060111
2024-12-15,2024,NO,1447.0471037754694
2024-12-15,2024,BAL,1645.7632132812423
2024-12-15,2024,BUF,1693.7121547630468
2024-12-15,2024,CIN,1503.0120398677896
2024-12-15,2024,DAL,1451.02503777826
2024-12-15,2024,GB,1618.2029218537518
2024-12-15,2024,LAC,1545.90735731332
2024-12-15,2024,KC,1710.1812121259184
2024-12-15,2024,MIA,1494.5809163561696
2024-12-15,2024,IND,1453.0935739176932
2024-12-15,2024,NYJ,1390.6578968535694
2024-12-15,2024,NE,1348.5836880873555
2024-12-16,2024,MIN,1614.2372869840056
2024-12-16,2024,LV,1335.4856149871623
2024-12-16,2024,ATL,1420.1824487141416
2024-12-16,2024,CHI,1386.9977558561063
2024-12-19,2024,LAC,1507.2348213013727
2024-12-19,2024,DEN,1576.6503764074957
2024-12-21,2024,BAL,1654.9650176348157
2024-12-21,2024,KC,1718.4314978196696
2024-12-21,2024,PIT,1592.3600909556544
2024-12-21,2024,HOU,1541.2828183128806
2024-12-22,2024,ARI,1445.7081362132335
2024-12-22,2024,SF,1539.0136417509148
2024-12-22,2024,DET,1697.6006133796993
2024-12-22,2024,MIA,1478.0581775054347
2024-12-22,2024,WAS,1493.0958672570712
2024-12-22,2024,ATL,1437.30818667525
2024-12-22,2024,BUF,1718.2349239594248
2024-12-22,2024,SEA,1518.8368326849677
2024-12-22,2024,NYJ,1416.0912922389232
2024-12-22,2024,LV,1318.359877026054
2024-12-22,2024,CHI,1378.0908458762224
2024-12-22,2024,CLE,1380.0645467643885
2024-12-22,2024,CIN,1520.1683970567651
2024-12-22,2024,PHI,1693.3360635529393
2024-12-22,2024,IND,1437.1483808414803
2024-12-22,2024,TEN,1347.240352774828
2024-12-22,2024,NYG,1310.2342814014896
2024-12-22,2024,NE,1332.511226934233
2024-12-22,2024,MIN,1623.1441969638895
2024-12-22,2024,LA,1543.3321936103914
2024-12-22,2024,JAX,1382.8298169423613
2024-12-22,2024,CAR,1275.398633700634
2024-12-22,2024,TB,1568.7863023826242
2024-12-22,2024,DAL,1469.8323079156523
2024-12-23,2024,GB,1644.745552469281
2024-12-23,2024,NO,1439.9047296899578
2024-12-25,2024,KC,1726.9955909957112
2024-12-25,2024,HOU,1532.718725136839
2024-12-25,2024,PIT,1573.3164577103
2024-12-25,2024,BAL,1674.00865088017
2024-12-26,2024,CHI,1369.1771756851497
2024-12-26,2024,SEA,1507.491505240957
2024-12-28,2024,LAC,1529.5263547082377
2024-12-28,2024,ARI,1418.1354644802266
2024-12-28,2024,DEN,1554.3588430006307
2024-12-28,2024,NE,1330.7490119418887
2024-12-28,2024,CIN,1533.8923135330901
2024-12-28,2024,LA,1561.2883198445766
2024-12-29,2024,IND,1450.0230041740808
2024-12-29,2024,LV,1337.267757810449
2024-12-29,2024,MIA,1504.8212712454572
2024-12-29,2024,NYJ,1398.135166004738
2024-12-29,2024,TEN,1334.3657294422273
2024-12-29,2024,DAL,1482.7165855201745
2024-12-29,2024,GB,1656.8097328862066
2024-12-29,2024,CAR,1302.971305433641
2024-12-29,2024,BUF,1719.997138951769
2024-12-29,2024,CLE,1366.3406302880635
2024-12-29,2024,NO,1427.8405492730321
2024-12-29,2024,NYG,1293.726686632775
2024-12-29,2024,MIN,1634.4895244079003
2024-12-29,2024,PHI,1672.3042902063526
2024-12-29,2024,TB,1555.902024778102
2024-12-29,2024,WAS,1514.127640603658
2024-12-29,2024,ATL,1453.8157814439646
2024-12-29,2024,JAX,1363.9219361579662
2024-12-30,2024,SF,1512.2505480108923
2024-12-30,2024,DET,1706.514283570772
2025-01-04,2024,BAL,1698.0806374856309
2025-01-04,2024,CLE,1345.649444398031
2025-01-04,2024,PIT,1553.168081657331
2025-01-04,2024,CIN,1551.591042752926
2025-01-05,2024,BUF,1725.9956716805184
2025-01-05,2024,LAC,1549.0424604008565
2025-01-05,2024,JAX,1379.5975093841746
2025-01-05,2024,ARI,1410.7413054746717
2025-01-05,2024,LA,1568.6824788501315
2025-01-05,2024,PHI,1685.3319085146015
2025-01-05,2024,CAR,1293.5702851636188
2025-01-05,2024,WAS,1527.0723028569096
2025-01-05,2024,SF,1501.2619876181632
2025-01-05,2024,SEA,1517.4221960364134
2025-01-05,2024,NYG,1328.8509435263154
2025-01-05,2024,NO,1387.037580628742
2025-01-05,2024,MIN,1644.5477067806028
2025-01-05,2024,DAL,1469.6889672119255
2025-01-05,2024,MIA,1525.5124571354897
2025-01-05,2024,CHI,1359.2464848896932
2025-01-05,2024,KC,1747.1439670486802
2025-01-05,2024,NYJ,1392.1366332759887
2025-01-05,2024,HOU,1508.6467385313783
2025-01-05,2024,DET,1717.5028439635012
2025-01-05,2024,LV,1378.070726454739
2025-01-05,2024,DEN,1536.660113780795
2025-01-05,2024,TB,1565.3030450481242
2025-01-05,2024,TEN,1318.690156216019
2025-01-05,2024,GB,1646.751550513504
2025-01-05,2024,ATL,1440.8711191907128
2025-01-05,2024,NE,1311.23290624927
2025-01-05,2024,IND,1414.8987472805404
2025-01-11,2024,PIT,1540.335678509225
2025-01-11,2024,BAL,1703.0809653118217
2025-01-11,2024,HOU,1521.900188658245
2025-01-11,2024,LAC,1565.972872188312
2025-01-12,2024,BUF,1681.4770320559135
2025-01-12,2024,GB,1624.107872031781
2025-01-12,2024,WAS,1542.665612277564
2025-01-12,2024,TB,1573.8200667979079
2025-01-12,2024,DEN,1593.47652668763
2025-01-12,2024,PHI,1688.451441995911
2025-01-13,2024,MIN,1624.7750523227867
2025-01-13,2024,LA,1544.6986958924595
2025-01-18,2024,HOU,1551.9476442042592
2025-01-18,2024,KC,1690.3275541418452
2025-01-18,2024,DET,1737.2754984213173
2025-01-18,2024,WAS,1560.2666183305842
2025-01-19,2024,BUF,1700.4964517574278
2025-01-19,2024,PHI,1705.2279129210347
2025-01-19,2024,LA,1577.3295511513184
2025-01-19,2024,BAL,1714.4067355226478
2025-01-26,2024,KC,1701.1473818086042
2025-01-26,2024,PHI,1714.8310532308349
2025-01-26,2024,WAS,1607.628992123173
2025-01-26,2024,BUF,1710.2568426983219
2025-02-09,2024,PHI,1733.8009073289322
2025-02-09,2024,KC,1713.2510492887388
2025-09-04,2025,DAL,1469.3971051941808
2025-09-04,2025,PHI,1671.1957644006131
2025-09-05,2025,KC,1626.8388733445008
2025-09-05,2025,LAC,1523.9502777615319
2025-09-07,2025,NYJ,1450.1667885935274
2025-09-07,2025,BUF,1632.102116812125
2025-09-07,2025,JAX,1412.9219066061808
2025-09-07,2025,CLE,1393.76607771456
2025-09-07,2025,SEA,1527.603985996057
2025-09-07,2025,GB,1571.5542674044382
2025-09-07,2025,LA,1545.150940561012
2025-09-07,2025,NE,1403.8343639159166
2025-09-07,2025,IND,1450.0755978369625
2025-09-07,2025,WAS,1559.1060920167172
2025-09-07,2025,NO,1419.0137059193055
2025-09-07,2025,ATL,1439.0899585557984
2025-09-07,2025,HOU,1527.4185443583335
2025-09-07,2025,BAL,1636.430896387836
2025-09-07,2025,ARI,1464.7297353781407
2025-09-07,2025,TEN,1370.2911373927682
2025-09-07,2025,TB,1537.4793738299252
2025-09-07,2025,SF,1476.605793350416
2025-09-07,2025,PIT,1519.3399388655994
2025-09-07,2025,NYG,1383.820940030004
2025-09-07,2025,DEN,1549.6380713240771
2025-09-07,2025,LV,1407.4268764448557
2025-09-07,2025,DET,1626.6087497524857
2025-09-07,2025,CIN,1542.948963934021
2025-09-07,2025,MIA,1494.932605014125
2025-09-07,2025,CAR,1383.8709776804228
2025-09-08,2025,CHI,1421.2601089142775
2025-09-08,2025,MIN,1561.4294647092852
2025-09-11,2025,WAS,1570.0124558680432
2025-09-11,2025,GB,1599.2734318850878
2025-09-14,2025,PIT,1529.5590313736327
2025-09-14,2025,KC,1603.7549768688186
2025-09-14,2025,DAL,1463.8510344054966
2025-09-14,2025,MIA,1462.6924268809948
2025-09-14,2025,TEN,1361.8195063359854
2025-09-14,2025,DET,1598.889585271836
2025-09-14,2025,IND,1482.3157759700925
2025-09-14,2025,BAL,1630.4841682091476
2025-09-14,2025,ARI,1485.6825996656553
2025-09-14,2025,NYJ,1439.947696085494
2025-09-14,2025,MIN,1571.285760818761
2025-09-14,2025,CIN,1547.6985520953986
2025-09-14,2025,NO,1398.060841631791
2025-09-14,2025,PHI,1676.7418351892973
2025-09-14,2025,LA,1559.2958978408797
2025-09-14,2025,ATL,1427.4893157580934
2025-09-14,2025,BUF,1638.0488449908132
2025-09-14,2025,CAR,1362.4705621865332
2025-09-14,2025,SF,1498.134672960025
2025-09-14,2025,SEA,1506.075106386448
2025-09-14,2025,NYG,1372.914576178678
2025-09-14,2025,NE,1379.913644242947
2025-09-14,2025,CHI,1411.4038128048016
2025-09-14,2025,JAX,1434.3223221000703
2025-09-14,2025,DEN,1558.10970238086
2025-09-14,2025,CLE,1389.0164895531825
2025-09-15,2025,HOU,1513.2735870784659
2025-09-15,2025,LAC,1547.034174237214
2025-09-15,2025,LV,1431.3475961178253
2025-09-15,2025,TB,1549.0800166276301
2025-09-18,2025,MIA,1434.5639916019034
2025-09-18,2025,BUF,1654.9493827452784
2025-09-21,2025,LA,1574.3707041531804
2025-09-21,2025,CAR,1353.434266743473
2025-09-21,2025,LV,1411.8782425606955
2025-09-21,2025,NO,1383.1614822034567
2025-09-21,2025,NYJ,1423.0471583310289
2025-09-21,2025,PIT,1495.8901078711724
2025-09-21,2025,IND,1489.8963371230761
2025-09-21,2025,HOU,1506.0589614503092
2025-09-21,2025,GB,1616.6513853391612
2025-09-21,2025,DEN,1550.5291412278764
2025-09-21,2025,DAL,1471.937380249228
2025-09-21,2025,CIN,1556.1895278423287
2025-09-21,2025,ATL,1474.109795705287
2025-09-21,2025,SF,1513.0340323883593
2025-09-21,2025,KC,1591.031817889167
2025-09-21,2025,ARI,1494.7188951087155
2025-09-21,2025,JAX,1425.8313463531401
2025-09-21,2025,MIN,1524.6652808715673
2025-09-21,2025,CHI,1398.5705827681666
2025-09-21,2025,LAC,1566.5035277943439
2025-09-21,2025,CLE,1379.9754123628495
2025-09-21,2025,TEN,1346.7447000236846
2025-09-21,2025,NYG,1364.8282303349467
2025-09-21,2025,PHI,1689.4649941689488
2025-09-21,2025,WAS,1552.6345024139698
2025-09-21,2025,SEA,1539.7440298889082
2025-09-21,2025,TB,1556.2946422557868
2025-09-21,2025,NE,1408.0420795220384
2025-09-22,2025,BAL,1639.5252453994806
2025-09-22,2025,DET,1611.7228153084711
2025-09-25,2025,SEA,1554.6769934881152
2025-09-25,2025,ARI,1489.2591734843077
2025-09-28,2025,NO,1368.2285186042498
2025-09-28,2025,JAX,1448.8868462217604
2025-09-28,2025,GB,1593.977646336594
2025-09-28,2025,CLE,1402.6491513654166
2025-09-28,2025,CHI,1429.9425933210684
2025-09-28,2025,CAR,1396.2693128636636
2025-09-28,2025,BAL,1611.881316073408
2025-09-28,2025,LAC,1577.5219015646674
2025-09-28,2025,MIN,1559.305480066598
2025-09-28,2025,IND,1511.6078177920765
2025-09-28,2025,PHI,1700.3500555928617
2025-09-28,2025,KC,1603.9167865291606
2025-09-28,2025,WAS,1566.0649840714548
2025-09-28,2025,NE,1389.9499100880807
2025-09-28,2025,LV,1398.4477609032106
2025-09-28,2025,DET,1639.3667446345437
2025-09-28,2025,DAL,1440.5653696963261
2025-09-28,2025,LA,1563.4856427292675
2025-09-28,2025,SF,1518.493754012767
2025-09-28,2025,NYG,1351.9432616949532
2025-09-28,2025,PIT,1513.98227730513
2025-09-28,2025,BUF,1662.4644040564822
2025-09-28,2025,TB,1561.582856052804
2025-09-28,2025,HOU,1483.003461581689
2025-09-28,2025,ATL,1431.2747495850965
2025-09-28,2025,TEN,1325.0332193546842
2025-09-29,2025,MIA,1427.0489702906996
2025-09-29,2025,NYJ,1417.7589445340118
2025-09-29,2025,CIN,1521.5493286472981
2025-09-29,2025,DEN,1539.510767457553
2025-10-02,2025,LA,1577.8112876112991
2025-10-02,2025,SF,1493.390603413191
2025-10-05,2025,PHI,1714.264009597151
2025-10-05,2025,MIA,1442.9149865948852
2025-10-05,2025,MIN,1545.566057696684
2025-10-05,2025,NE,1419.3441568389583
2025-10-05,2025,NYG,1374.1233619973882
2025-10-05,2025,TB,1547.6689020485146
2025-10-05,2025,TEN,1310.9269924635769
2025-10-05,2025,WAS,1539.1184476836816
2025-10-05,2025,NYJ,1401.892928229826
2025-10-05,2025,DET,1648.635380934748
2025-10-05,2025,DEN,1565.208929063241
2025-10-05,2025,LV,1391.1323696069269
2025-10-05,2025,DAL,1440.5653696963261
2025-10-05,2025,HOU,1497.1096884727963
2025-10-05,2025,CIN,1495.85116704161
2025-10-05,2025,BAL,1586.7508714384119
2025-10-05,2025,IND,1497.282172910045
2025-10-05,2025,CAR,1366.875066112786
2025-10-05,2025,CLE,1393.3805150652124
2025-10-05,2025,BUF,1667.897303259268
2025-10-05,2025,NO,1362.795619401464
2025-10-05,2025,SEA,1567.7420955938883
2025-10-05,2025,ARI,1476.1940713785345
2025-10-05,2025,LAC,1555.3418012622324
2025-10-06,2025,JAX,1473.9899968213365
2025-10-06,2025,KC,1629.0472311641568
2025-10-09,2025,PHI,1687.512603728972
2025-10-09,2025,NYG,1351.5475161851496
2025-10-12,2025,DAL,1469.1566527738285
2025-10-12,2025,CLE,1382.4885306218666
2025-10-12,2025,ARI,1464.3214087471972
2025-10-12,2025,DEN,1591.96033493142
2025-10-12,2025,CIN,1478.035505818213
2025-10-12,2025,DET,1666.451042158145
2025-10-12,2025,GB,1593.977646336594
2025-10-12,2025,LA,1557.6956805884292
2025-10-12,2025,PIT,1527.721699675044
2025-10-12,2025,CAR,1382.047783704092
2025-10-12,2025,NYJ,1373.3016451523238
2025-10-12,2025,KC,1610.1219221345536
2025-10-12,2025,MIA,1427.7422690035794
2025-10-12,2025,BAL,1534.539191943642
2025-10-12,2025,LAC,1520.1272768670826
2025-10-12,2025,NO,1385.3714652137025
2025-10-12,2025,TB,1564.74207064958
2025-10-12,2025,LV,1371.7516112154685
2025-10-12,2025,TEN,1322.7996550949142
2025-10-12,2025,SF,1513.5062104360609
2025-10-12,2025,SEA,1550.668926992823
2025-10-12,2025,IND,1516.6629313015032
2025-10-12,2025,JAX,1492.9153058509396
2025-10-12,2025,NE,1446.4693915690464
2025-10-13,2025,BUF,1640.77206852918
2025-10-13,2025,WAS,1574.3329720788313
2025-10-13,2025,ATL,1458.2212859728697
2025-10-13,2025,CHI,1437.2579846173521
2025-10-16,2025,PIT,1540.0409839555914
2025-10-16,2025,CIN,1466.0289265568354
2025-10-19,2025,DAL,1453.4607712505133
2025-10-19,2025,NYJ,1367.7469084681502
2025-10-19,2025,ATL,1493.1870259484917
2025-10-19,2025,CAR,1397.743665227407
2025-10-19,2025,GB,1605.9842255979718
2025-10-19,2025,IND,1527.7294744058001
2025-10-19,2025,LA,1587.0406688962075
2025-10-19,2025,LV,1388.470869055136
2025-10-19,2025,MIA,1418.3416979182718
2025-10-19,2025,NE,1465.084427862614
2025-10-19,2025,NO,1366.756428920135
2025-10-19,2025,NYG,1407.4138776144675
2025-10-19,2025,SF,1496.3419502370903
2025-10-19,2025,PHI,1631.646242299654
2025-10-19,2025,MIN,1556.4580421400299
2025-10-19,2025,DEN,1597.5150716155936
2025-10-19,2025,CHI,1448.5150929415504
2025-10-19,2025,TEN,1306.0803972552467
2025-10-19,2025,CLE,1370.1692463413192
2025-10-19,2025,KC,1637.2477363686078
2025-10-19,2025,JAX,1471.6539901409667
2025-10-19,2025,LAC,1529.5278479523902
2025-10-19,2025,ARI,1453.2548656429003
2025-10-19,2025,WAS,1563.075863754633
2025-10-20,2025,HOU,1549.3213679675662
2025-10-20,2025,SEA,1571.9302427027958
2025-10-20,2025,TB,1581.9063308485506
2025-10-20,2025,DET,1639.3252279240908
2025-10-23,2025,MIN,1538.7375853794313
2025-10-23,2025,LAC,1497.8757628454018
2025-10-26,2025,CHI,1464.088465043354
2025-10-26,2025,CIN,1477.9773066221082
2025-10-26,2025,HOU,1532.3003246449684
2025-10-26,2025,NO,1351.1830568183314
2025-10-26,2025,IND,1559.3815595127885
2025-10-26,2025,PIT,1528.0926038903185
2025-10-26,2025,BUF,1605.806328553558
2025-10-26,2025,DEN,1600.0484114324947
2025-10-26,2025,NE,1484.4518070089853
2025-10-26,2025,BAL,1505.1942036358637
2025-10-26,2025,PHI,1649.3666990602526
2025-10-26,2025,CAR,1419.7950851086607
2025-10-26,2025,ATL,1473.1785795301396
2025-10-26,2025,CLE,1402.7689388575234
2025-10-26,2025,DAL,1491.3807260799797
2025-10-26,2025,GB,1616.8516423433089
2025-10-26,2025,MIA,1385.7420054020677
2025-10-26,2025,TEN,1286.7130181088753
2025-10-26,2025,TB,1563.2385493516674
2025-10-26,2025,SF,1516.3503966554424
2025-10-26,2025,NYJ,1345.6954885868965
2025-10-26,2025,NYG,1404.8805377975664
2025-10-27,2025,KC,1646.615117648778
2025-10-27,2025,WAS,1525.1559089251666
2025-10-30,2025,BAL,1524.688264910143
2025-10-30,2025,MIA,1432.7747663549765
2025-11-02,2025,PIT,1507.2991197707838
2025-11-02,2025,TEN,1279.0516550390796
2025-11-02,2025,DET,1657.993009420974
2025-11-02,2025,LA,1613.4542329230142
2025-11-02,2025,WAS,1509.440577734245
2025-11-02,2025,NYG,1396.7403104816383
2025-11-02,2025,ATL,1426.1458185772308
2025-11-02,2025,HOU,1552.0524099713305
2025-11-02,2025,CIN,1466.8268594114238
2025-11-02,2025,GB,1637.6451264628436
2025-11-02,2025,NE,1502.64670209564
2025-11-02,2025,LV,1379.1034877749657
2025-11-02,2025,BUF,1626.1045814362867
2025-11-02,2025,CAR,1399.496832225932
2025-11-02,2025,CHI,1444.5944037690747
2025-11-02,2025,SF,1496.5983113290804
2025-11-02,2025,SEA,1588.9512860253935
2025-11-02,2025,NO,1335.315942591811
2025-11-02,2025,MIN,1506.2056103514956
2025-11-02,2025,DEN,1616.457155668264
2025-11-02,2025,KC,1662.3304488396998
2025-11-02,2025,JAX,1445.24042611416
2025-11-02,2025,IND,1567.0429225825842
2025-11-02,2025,LAC,1530.4077378733375
2025-11-03,2025,DAL,1474.9719818442104
2025-11-03,2025,ARI,1442.3874488975632
2025-11-06,2025,LV,1372.5872467520312
2025-11-06,2025,DEN,1629.5682578790195
2025-11-09,2025,PIT,1528.9115165592575
2025-11-09,2025,ARI,1472.949953261109
2025-11-09,2025,ATL,1421.840694280411
2025-11-09,2025,BAL,1551.564653867415
2025-11-09,2025,BUF,1646.0876244362232
2025-11-09,2025,NE,1506.9518263924597
2025-11-09,2025,LAC,1539.4205650888573
2025-11-09,2025,CAR,1426.2213211069623
2025-11-09,2025,TB,1579.1056635781877
2025-11-09,2025,SF,1516.5541307556243
2025-11-09,2025,HOU,1538.941307760575
2025-11-09,2025,WAS,1480.5766239956283
2025-11-09,2025,NYJ,1356.845935797581
2025-11-09,2025,NYG,1376.7844910550943
2025-11-09,2025,MIA,1405.8983773977045
2025-11-09,2025,IND,1545.4305257941105
2025-11-09,2025,SEA,1617.8152397640101
2025-11-09,2025,DET,1634.8311633118328
2025-11-09,2025,CLE,1384.5740437708687
2025-11-09,2025,JAX,1451.7566671370946
2025-11-09,2025,LA,1620.8934918557534
2025-11-09,2025,MIN,1529.3674564606367
2025-11-09,2025,NO,1327.876683659072
2025-11-09,2025,CHI,1466.7941142604257
2025-11-10,2025,GB,1610.9206375818133
2025-11-10,2025,PHI,1657.5069263761807
2025-11-13,2025,NE,1532.209577053557
2025-11-13,2025,NYJ,1376.2496350504439
2025-11-16,2025,CAR,1390.3111293212485
2025-11-16,2025,HOU,1551.2720793072483
2025-11-16,2025,GB,1596.9923358606184
2025-11-16,2025,DET,1655.86907433574
2025-11-16,2025,CIN,1444.6271489200728
2025-11-16,2025,BAL,1575.4457976658387
2025-11-16,2025,CHI,1476.2203980781
2025-11-16,2025,SEA,1632.1039652131094
2025-11-16,2025,SF,1493.3701357610248
2025-11-16,2025,WAS,1459.5387129717212
2025-11-16,2025,TB,1553.8479129170903
2025-11-16,2025,BUF,1598.4905332141043
2025-11-16,2025,KC,1642.3474058397633
2025-11-16,2025,ARI,1458.6612278120097
2025-11-16,2025,LA,1644.077486850353
2025-11-16,2025,JAX,1439.4258955904213
2025-11-16,2025,DEN,1633.1560449444946
2025-11-16,2025,TEN,1270.0388278235598
2025-11-16,2025,NYG,1367.35820723742
2025-11-16,2025,PHI,1671.4352280973756
2025-11-16,2025,PIT,1506.4095380897427
2025-11-16,2025,MIN,1505.486312662213
2025-11-16,2025,ATL,1412.0440730213388
2025-11-16,2025,CLE,1365.1703445180058
2025-11-16,2025,MIA,1453.4954686198234
2025-11-16,2025,LAC,1561.9225435583721
2025-11-17,2025,DAL,1444.4094774806647
2025-11-17,2025,LV,1368.999459686556
2025-11-20,2025,BUF,1616.691820643619
2025-11-20,2025,HOU,1556.4632936295673
2025-11-23,2025,ATL,1394.891830157584
2025-11-23,2025,CHI,1490.0975986891428
2025-11-23,2025,CLE,1354.2445756697848
2025-11-23,2025,TEN,1264.8476135012409
2025-11-23,2025,LA,1652.9441141538193
2025-11-23,2025,DAL,1470.7099510716964
2025-11-23,2025,IND,1555.2271470531828
2025-11-23,2025,NYG,1357.3668210502778
2025-11-23,2025,MIN,1491.6091120511703
2025-11-23,2025,NO,1363.7868754447857
2025-11-23,2025,LV,1342.6989860955243
2025-11-23,2025,KC,1630.240124176889
2025-11-23,2025,JAX,1482.0647659003075
2025-11-23,2025,GB,1606.9837220477605
2025-11-23,2025,CIN,1423.897091968217
2025-11-23,2025,DET,1639.31556827279
2025-11-23,2025,BAL,1586.3715665140596
2025-11-23,2025,ARI,1427.3694046658895
2025-11-23,2025,TB,1535.6466254875756
2025-11-23,2025,SEA,1623.237337909643
2025-11-23,2025,PIT,1527.1395950415986
2025-11-23,2025,PHI,1687.9887341603255
2025-11-23,2025,NYJ,1364.8444764860178
2025-11-23,2025,NE,1543.6147356179831
2025-11-24,2025,CAR,1407.4633721850032
2025-11-24,2025,SF,1524.661958907145
2025-11-27,2025,GB,1622.0943482624375
2025-11-27,2025,DAL,1492.517026918388
2025-11-27,2025,DET,1644.023644273821
2025-11-27,2025,CIN,1408.8879261085442
2025-11-27,2025,BAL,1594.593883632786
2025-11-27,2025,KC,1638.9055414072218
2025-11-28,2025,CHI,1503.4569130054897
2025-11-28,2025,PHI,1666.181658313634
2025-11-30,2025,TB,1518.378526239676
2025-11-30,2025,NYJ,1356.6221593672915
2025-11-30,2025,PIT,1513.7802807252517
2025-11-30,2025,WAS,1447.5700425045427
2025-11-30,2025,IND,1546.5617298228499
2025-11-30,2025,TEN,1259.9543167939557
2025-11-30,2025,CAR,1394.580298598411
2025-11-30,2025,LAC,1519.283673248486
2025-11-30,2025,SEA,1628.130634616928
2025-11-30,2025,LV,1312.2834739889877
2025-11-30,2025,CLE,1384.6600877763215
2025-11-30,2025,MIN,1476.4984858364933
2025-11-30,2025,NO,1335.1707847080468
2025-11-30,2025,SF,1537.5450324937372
2025-11-30,2025,JAX,1495.6193413175363
2025-11-30,2025,MIA,1465.464139087002
2025-11-30,2025,DEN,1645.263326607369
2025-11-30,2025,BUF,1599.9380846935862
2025-11-30,2025,ATL,1423.507920894323
2025-11-30,2025,ARI,1413.8148292486608
2025-11-30,2025,LA,1670.212213401719
2025-11-30,2025,HOU,1573.2170295796
2025-12-01,2025,NE,1558.6239014776559
2025-12-01,2025,NYG,1352.6587450492468
2025-12-04,2025,DET,1618.2812480080868
2025-12-04,2025,DAL,1511.0320985178805
2025-12-07,2025,ATL,1408.7656079169683
2025-12-07,2025,GB,1647.8367445281717
2025-12-07,2025,CHI,1542.7154958871092
2025-12-07,2025,CIN,1461.1611070524468
2025-12-07,2025,DEN,1649.1181037382069
2025-12-07,2025,HOU,1590.4662791622743
2025-12-07,2025,IND,1529.3124802401755
2025-12-07,2025,LA,1645.855947538406
2025-12-07,2025,MIA,1473.3187951022098
2025-12-07,2025,NO,1327.316128692839
2025-12-07,2025,PIT,1487.5547825935107
2025-12-07,2025,SEA,1642.6732048800689
2025-12-07,2025,TEN,1245.309612847893
2025-12-07,2025,WAS,1443.7152653737048
2025-12-07,2025,BUF,1626.1635828253272
2025-12-07,2025,LV,1302.5827345252544
2025-12-07,2025,KC,1620.3904698077292
2025-12-07,2025,JAX,1510.264045263599
2025-12-07,2025,ARI,1406.2038272741484
2025-12-07,2025,NYJ,1371.3644723446462
2025-12-07,2025,TB,1525.9895282141883
2025-12-07,2025,MIN,1461.9559155733525
2025-12-07,2025,CLE,1364.7911840699805
2025-12-07,2025,BAL,1542.3207026888833
2025-12-08,2025,PHI,1626.9230754320145
2025-12-08,2025,LAC,1528.9844127122192
2025-12-11,2025,ATL,1392.9074973383872
2025-12-11,2025,TB,1496.7932427572448
2025-12-14,2025,CIN,1453.7492347871141
2025-12-14,2025,NE,1568.5582342921166
2025-12-14,2025,ARI,1390.7701898497398
2025-12-14,2025,BAL,1518.1223515991069
2025-12-14,2025,BUF,1633.57545509066
2025-12-14,2025,CAR,1418.936564461724
2025-12-14,2025,CLE,1347.5738246309652
2025-12-14,2025,DET,1632.9703081659018
2025-12-14,2025,GB,1659.2246801414453
2025-12-14,2025,IND,1503.1559448096673
2025-12-14,2025,LAC,1545.1942915852449
2025-12-14,2025,LV,1297.0142270227213
2025-12-14,2025,MIN,1489.2623777488848
2025-12-14,2025,NYJ,1344.7864233739715
2025-12-14,2025,TEN,1262.5269722869084
2025-12-14,2025,HOU,1620.8096897636447
2025-12-14,2025,WAS,1416.4088031981726
2025-12-14,2025,NYG,1342.724412234786
2025-12-14,2025,SF,1557.413936200078
2025-12-14,2025,JAX,1536.4205806941072
2025-12-14,2025,DAL,1496.3430383600655
2025-12-14,2025,PHI,1610.7131965589888
2025-12-14,2025,KC,1590.0470592063589
2025-12-14,2025,SEA,1658.53131545865
2025-12-14,2025,DEN,1654.68661124074
2025-12-14,2025,LA,1661.2895849628146
2025-12-14,2025,CHI,1531.3275602738356
2025-12-14,2025,NO,1356.5124141497824
2025-12-15,2025,PIT,1511.7531336832872
2025-12-15,2025,MIA,1499.8968440728845
2025-12-18,2025,LA,1677.0418286183387
2025-12-18,2025,SEA,1663.2925381249947
2025-12-20,2025,WAS,1436.5248404202634
2025-12-20,2025,PHI,1617.3117471970234
2025-12-20,2025,GB,1640.3594619242908
2025-12-20,2025,CHI,1544.030059247945
2025-12-21,2025,JAX,1548.6334380787794
2025-12-21,2025,BUF,1648.7646791876105
2025-12-21,2025,ATL,1403.415255826361
2025-12-21,2025,CIN,1423.3028615679934
2025-12-21,2025,LAC,1563.4467337343917
2025-12-21,2025,MIN,1515.3420464596138
2025-12-21,2025,DET,1617.2180645103776
2025-12-21,2025,CAR,1404.403129256672
2025-12-21,2025,LV,1290.4156763846868
2025-12-21,2025,NYG,1322.6083750126952
2025-12-21,2025,HOU,1629.886557868103
2025-12-21,2025,DAL,1470.2633696493365
2025-12-21,2025,KC,1571.794617057212
2025-12-21,2025,NO,1371.0458493548344
2025-12-21,2025,DEN,1673.5518294578944
2025-12-21,2025,MIA,1478.5881458933668
2025-12-21,2025,CLE,1334.8713256568558
2025-12-21,2025,ARI,1381.6933217452815
2025-12-21,2025,TEN,1256.956889584112
2025-12-21,2025,BAL,1548.5687248182276
2025-12-21,2025,NE,1553.369010195166
2025-12-21,2025,NYJ,1332.5735659892994
2025-12-21,2025,TB,1486.285484269271
2025-12-21,2025,PIT,1533.0618318628049
2025-12-22,2025,IND,1498.3947221433225
2025-12-22,2025,SF,1562.9840189028744
2025-12-25,2025,WAS,1421.6347037352064
2025-12-25,2025,KC,1517.6595001414216
2025-12-25,2025,MIN,1523.2238671919044
2025-12-25,2025,DAL,1445.6039323756104
2025-12-25,2025,DET,1591.234938421555
2025-12-25,2025,DEN,1630.6325970028577
2025-12-27,2025,LAC,1588.1061710081178
2025-12-27,2025,HOU,1631.6996047490074
2025-12-27,2025,GB,1617.7133745406668
2025-12-27,2025,BAL,1530.121199743495
2025-12-28,2025,JAX,1591.5526705338161
2025-12-28,2025,LV,1288.6026295037823
2025-12-28,2025,CAR,1419.8516588869834
2025-12-28,2025,CLE,1330.4706193800841
2025-12-28,2025,BUF,1653.165385464382
2025-12-28,2025,ARI,1359.0587662016242
2025-12-28,2025,TEN,1311.0920064999025
2025-12-28,2025,NYJ,1309.452220692449
2025-12-28,2025,IND,1469.1793837146174
2025-12-28,2025,SF,1592.1993573315794
2025-12-28,2025,CIN,1466.8319926343597
2025-12-28,2025,MIA,1435.0590148270005
2025-12-28,2025,CHI,1566.676146631569
2025-12-28,2025,NE,1571.8165352698986
2025-12-28,2025,NO,1394.167194651685
2025-12-28,2025,NYG,1314.7265542804046
2025-12-28,2025,PHI,1632.2018838820804
2025-12-28,2025,PIT,1559.0449579516276
2025-12-28,2025,SEA,1669.4470831964695
2025-12-28,2025,TB,1470.8369546389595
2025-12-29,2025,ATL,1426.0498113700185
2025-12-29,2025,LA,1670.887283546864
2026-01-03,2025,SEA,1682.0811116716739
2026-01-03,2025,SF,1604.5258921894308
2026-01-03,2025,CAR,1407.217630411779
2026-01-03,2025,TB,1457.5353761242914
2026-01-04,2025,ATL,1449.082689114885
2026-01-04,2025,NE,1586.1847588751698
2026-01-04,2025,DEN,1647.096765139559
2026-01-04,2025,LV,1254.0461813958668
2026-01-04,2025,HOU,1648.0308109813723
2026-01-04,2025,DET,1563.0698512452243
2026-01-04,2025,BUF,1644.6075930270767
2026-01-04,2025,CIN,1484.0297467841751
2026-01-04,2025,CHI,1554.3496117737177
2026-01-04,2025,NYG,1349.2830023883198
2026-01-04,2025,JAX,1606.4066153720723
2026-01-04,2025,PIT,1525.5740403841337
2026-01-04,2025,LA,1647.8544058019975
2026-01-04,2025,LAC,1571.774964775753
2026-01-04,2025,KC,1501.1953320047203
2026-01-04,2025,MIN,1551.388954368235
2026-01-04,2025,PHI,1640.7596763193858
2026-01-04,2025,GB,1575.4654914692285
2026-01-04,2025,NO,1413.618628995122
2026-01-04,2025,WAS,1399.158802424476
2026-01-04,2025,IND,1454.3254388763612
2026-01-04,2025,DAL,1468.0798336863406
2026-01-04,2025,CLE,1363.941536947578
2026-01-04,2025,BAL,1572.3690828149333
2026-01-04,2025,ARI,1341.8610120518088
2026-01-04,2025,MIA,1448.3605933416686
2026-01-04,2025,TEN,1291.6405721564654
2026-01-04,2025,NYJ,1295.0839970871777
2026-01-10,2025,LA,1653.595584803807
2026-01-10,2025,GB,1551.1536089968824
2026-01-10,2025,CHI,1538.6456338155876
2026-01-10,2025,CAR,1399.600378420362
2026-01-11,2025,PHI,1600.4724704278833
2026-01-11,2025,NE,1602.0490960965783
2026-01-11,2025,JAX,1613.1360962329454
2026-01-11,2025,BUF,1649.8058371084041
2026-01-11,2025,LAC,1554.0886174625123
2026-01-11,2025,SF,1582.872737810627
2026-01-12,2025,HOU,1655.9175998912858
2026-01-12,2025,PIT,1536.5160689016611
2026-01-17,2025,SF,1602.557267470359
2026-01-17,2025,DEN,1664.7831124527997
2026-01-17,2025,SEA,1703.7342660504776
2026-01-17,2025,BUF,1664.194811378136
2026-01-18,2025,NE,1620.5246707240087
2026-01-18,2025,CHI,1552.8720871710027
2026-01-18,2025,LA,1659.5282290068099
2026-01-18,2025,HOU,1680.7760374426334
2026-01-25,2025,SEA,1723.7092272752932
2026-01-25,2025,DEN,1676.4619525952983
2026-01-25,2025,NE,1647.2269486510024
2026-01-25,2025,LA,1670.7729283121134
2026-02-08,2025,SEA,1734.7486586768964
2026-02-08,2025,NE,1664.7365541207462
2026-09-09,2026,SEA,1674.0168470811639
2026-09-09,2026,NE,1592.3066281172644
2026-09-10,2026,LA,1606.4889979403401
2026-09-10,2026,SF,1555.0548708303622
2026-09-13,2026,DAL,1454.8082486322394
2026-09-13,2026,CLE,1420.7870843713865
2026-09-13,2026,BUF,1601.6773141570916
2026-09-13,2026,BAL,1540.9513695316039
2026-09-13,2026,ATL,1471.448229883652
2026-09-13,2026,ARI,1390.7465553666661
2026-09-13,2026,GB,1524.6181037609783
2026-09-13,2026,CHI,1527.751591910466
2026-09-13,2026,NO,1437.0193155230193
2026-09-13,2026,TB,1476.7684187438056
2026-09-13,2026,NYJ,1359.9238353372336
2026-09-13,2026,CIN,1477.860438116449
2026-09-13,2026,TEN,1356.6073941970615
2026-09-13,2026,DET,1552.5158861355696
2026-09-13,2026,LV,1348.252951582202
2026-09-13,2026,MIN,1550.4672245603874
2026-09-13,2026,MIA,1454.9975040801735
2026-09-13,2026,JAX,1565.8314146421424
2026-09-13,2026,CAR,1429.1118228115727
2026-09-13,2026,HOU,1602.715839677093
2026-09-13,2026,IND,1464.2924333109652
2026-09-13,2026,PIT,1507.7717542335424
2026-09-13,2026,LAC,1523.7420285567212
2026-09-13,2026,NYG,1423.433642084201
2026-09-13,2026,WAS,1459.6306722106524
2026-09-13,2026,PHI,1553.8586271787676
2026-09-14,2026,DEN,1605.9682314170363
2026-09-14,2026,KC,1488.5747240181893
2026-09-17,2026,BUF,1622.5729822512699
2026-09-17,2026,DET,1556.1375863871635
2026-09-20,2026,WAS,1453.3147511262925
2026-09-20,2026,BAL,1567.6250003450991
2026-09-20,2026,CHI,1553.9651615760586
2026-09-20,2026,SF,1595.825733915901
2026-09-20,2026,LAC,1482.4215745109725
2026-09-20,2026,DEN,1567.7596622112753
2026-09-20,2026,KC,1526.7832932239503
2026-09-20,2026,NYJ,1390.3070037242035
2026-09-20,2026,TB,1460.4058237229622
2026-09-20,2026,HOU,1581.8201715829148
2026-09-20,2026,ATL,1456.1887386847943
2026-09-20,2026,TEN,1326.2242258100916
2026-09-20,2026,NE,1583.8878216463563
2026-09-20,2026,DAL,1434.0435299567814
2026-09-20,2026,SEA,1682.435653552072
2026-09-20,2026,PHI,1560.1745482631275
2026-09-20,2026,CAR,1402.89825314598
2026-09-20,2026,CIN,1494.2230331372923
2026-09-20,2026,CLE,1406.1308468465809
2026-09-20,2026,GB,1502.5092759262918
2026-09-20,2026,IND,1437.61880249747
2026-09-20,2026,JAX,1580.487652166948
2026-09-20,2026,LV,1380.7364735481885
2026-09-20,2026,MIA,1422.513982114187
2026-09-20,2026,MIN,1572.576052395074
2026-09-20,2026,NO,1433.3976152714254
2026-09-20,2026,ARI,1432.0670094124148
2026-09-20,2026,PIT,1523.0312454324
2026-09-21,2026,LA,1565.7181348548013
2026-09-21,2026,NYG,1444.198360759659
2026-09-24,2026,ATL,1409.5573489626795
2026-09-24,2026,GB,1513.517999676313
2026-09-27,2026,MIN,1593.9629594162539
2026-09-27,2026,LV,1419.4328545144463
2026-09-27,2026,LA,1581.6550223885188
2026-09-27,2026,LAC,1443.7251935447148
2026-09-27,2026,HOU,1542.2367892157033
2026-09-27,2026,CIN,1533.8064155045038
2026-09-27,2026,CAR,1449.529642868095
2026-09-27,2026,BAL,1534.043574496175
2026-09-27,2026,ARI,1418.0492073254406
2026-09-27,2026,KC,1534.9328303236102
2026-09-27,2026,NYJ,1379.2982799741824
2026-09-27,2026,TEN,1318.6461825410067
2026-09-27,2026,WAS,1427.137431513682
2026-09-27,2026,DET,1540.5915298881775
2026-09-27,2026,JAX,1562.0920161980885
2026-09-27,2026,TB,1438.696766407699
2026-09-27,2026,NO,1466.9790411203494
2026-09-27,2026,DEN,1586.1552981801349
2026-09-27,2026,SEA,1696.453455639046
2026-09-27,2026,NE,1603.0715114452566
2026-09-27,2026,MIA,1410.0598270879516
2026-09-27,2026,IND,1429.46926539781
2026-09-27,2026,PIT,1503.8475556334997
2026-09-27,2026,CLE,1427.839904161844
2026-09-27,2026,DAL,1460.220849569392
2026-09-27,2026,SF,1608.2798889421365
2026-09-27,2026,BUF,1638.1190387502559
2026-09-27,2026,NYG,1428.2614732259415
2026-09-28,2026,CHI,1532.5782545548786
2026-09-28,2026,PHI,1567.7525915322124
2026-10-01,2026,PIT,1516.8843816299966
2026-10-01,2026,CLE,1440.503602676296
2026-10-04,2026,MIA,1389.5904579797937
2026-10-04,2026,LA,1568.293153362748
2026-10-04,2026,LAC,1435.8656215950116
2026-10-04,2026,KC,1555.4021994317682
2026-10-04,2026,JAX,1595.3108101572009
2026-10-04,2026,GB,1466.6517082963285
2026-10-04,2026,DET,1549.3497328547846
2026-10-04,2026,DEN,1599.5171672059057
2026-10-04,2026,DAL,1447.5352576808896
2026-10-04,2026,ARI,1410.9418274650725
2026-10-04,2026,IND,1442.8746295382139
2026-10-04,2026,BAL,1546.7291663846775
2026-10-04,2026,NE,1569.8527174861442
2026-10-04,2026,CHI,1561.7301457889087
2026-10-04,2026,BUF,1645.978610699959
2026-10-04,2026,MIN,1607.8564541957032
2026-10-04,2026,PHI,1538.6007002981823
2026-10-04,2026,SEA,1677.3633336659648
2026-10-04,2026,LV,1448.564910495413
2026-10-04,2026,CIN,1520.769589508007
2026-10-04,2026,WAS,1446.2275534867633
2026-10-04,2026,TB,1424.8032716282496
2026-10-04,2026,CAR,1436.865944353643
2026-10-04,2026,SF,1615.3872688025047
2026-10-04,2026,HOU,1528.8314250752994
2026-10-04,2026,NYG,1437.8770381928853
2026-10-04,2026,TEN,1309.030617574063
2026-10-04,2026,NYJ,1370.5400770075753
2026-10-05,2026,NO,1437.8469851393827
2026-10-05,2026,ATL,1456.423640342664
